email,identifier,project_name,project_category
hdyer@example.org,d8af19af-0595-476b-ab90-324d618c1886,Project_17,Machine Learning
emartin@example.org,81320b25-eda9-41e4-ab0e-3b176d14a862,Project_248,Analytics
amberpierce@example.net,7b8cdeb0-64d3-4f31-aca0-45edf86afdba,Project_591,Field Research
chayden@example.org,e54232bd-c5af-4c32-9ce3-1ce00a4a4b24,Project_381,Analytics
alisonhernandez@example.net,8812719d-b860-47b1-8347-4d208e981593,Project_592,Analytics
lisawilson@example.net,947b4701-5e85-4a87-9527-72cf3d17b10b,Project_481,Machine Learning
mark37@example.com,84b34815-2181-4554-a0a9-30ba1db1a0d7,Project_420,Analytics
harriskeith@example.net,c934d1ce-1eb0-4b5a-90aa-4eac35ef5eda,Project_205,Analytics
lisadavis@example.net,3f5cf684-5476-4138-afad-644cec8905ab,Project_790,Analytics
brownsarah@example.org,296e95d5-57c2-4d9f-b3f9-1ab339aa9561,Project_267,Field Research
smithsophia@example.net,6fac6d18-6593-488e-bf96-0132cdc679bb,Project_350,Machine Learning
staceybradley@example.com,cdd2573f-01c5-4fcd-baed-a3b2fcc93a64,Project_119,Machine Learning
joshua69@example.org,8140e3ab-4959-4dea-9332-082c0da93ef1,Project_384,Analytics
jason95@example.com,16521237-bf0d-4401-8e0d-13e86d524a70,Project_357,Machine Learning
lindsayanderson@example.net,c542ef80-7530-4ee1-924e-5665d12ff691,Project_162,Analytics
cooperheather@example.net,8168ac49-a76b-4819-a8c1-22dbb9120261,Project_512,Machine Learning
dawnharper@example.net,7924c09f-d17b-423d-b8b5-d94df2c233cd,Project_870,Analytics
edwardstodd@example.com,070a4883-3aec-417c-bbee-e5c4b26a1c83,Project_827,Field Research
ywest@example.com,9d6bf556-e746-4ecd-906d-56a2b2dac2ae,Project_705,Field Research
karenkelly@example.com,5b0c1fb2-11af-4694-a4f9-ef837da6ba30,Project_798,Analytics
oturner@example.org,bc535853-777f-4268-85d6-b8b9a641e2c6,Project_540,Analytics
hannahperez@example.net,8239d728-0e3c-4f1b-976b-36fbabfcf376,Project_90,Field Research
rita62@example.net,8ac7e0df-a4e6-4466-9b85-255906f622f5,Project_528,Field Research
zacosta@example.net,6f2f7b6d-d824-4286-92f0-7118c25b7c21,Project_348,Machine Learning
jprice@example.net,e2081453-cb9e-4e8f-9f31-519b05a84e57,Project_606,Field Research
jasonyang@example.net,02f196d4-3122-4127-8274-b2772673cc74,Project_164,Analytics
johnsonjason@example.com,97031848-ac11-4d20-aa74-927ffc3a4263,Project_942,Field Research
thomasrodgers@example.net,0d0dc4aa-95aa-4c87-9fa3-a79e33c49081,Project_163,Analytics
lindsayanderson@example.net,2ff18ac6-a9d3-4493-a482-7b0c28d8356c,Project_949,Machine Learning
jennifernelson@example.org,3c43e241-d9f0-4e04-b0fd-a42fff7d60ae,Project_891,Field Research
jessegordon@example.net,6693adfd-80f6-4a75-8e3b-9fec5e5d77f7,Project_315,Field Research
gutierrezdeborah@example.net,943a8774-2c92-4720-b2d0-36499d91d385,Project_560,Field Research
hdyer@example.org,68b1bf32-3dd7-4c97-a496-85ee366d9285,Project_46,Analytics
kellyrose@example.org,152a7b5b-0ab4-4fa8-9547-024730c5b282,Project_964,Field Research
swansonpaul@example.com,0bd5cd8e-d11f-4cce-9fae-5b3b6ed198ff,Project_388,Machine Learning
madison24@example.net,4dc95226-2068-4856-9392-c63e36d91bb5,Project_377,Analytics
brenda34@example.com,0b3cd631-3352-4637-9d0a-2f80c1ad4c33,Project_37,Field Research
daniel59@example.org,8a3f4006-de98-4c73-b551-1e3b80f642cc,Project_872,Field Research
thomasnguyen@example.net,192125aa-ea25-43fc-b774-6ffc90ec66bb,Project_240,Analytics
harriskeith@example.net,8febce5f-4b3e-41e2-8b90-b59dbc3e0a83,Project_699,Machine Learning
robertwilson@example.net,e4f4fa1c-ed6c-4d30-a97f-83302c1d3793,Project_613,Machine Learning
amanda33@example.com,0a0ee78b-7b5e-4aed-a7e4-ef8c853b3d67,Project_179,Analytics
nicole85@example.net,970fd667-14e6-4b36-a643-5876a0d8b979,Project_791,Analytics
scottgregory@example.com,76362b14-4894-4320-a740-1be6c5ff99fd,Project_713,Field Research
asanchez@example.org,f5899dc6-c712-43ac-a368-f7f4feda20aa,Project_707,Machine Learning
robertfleming@example.org,20eec212-4327-4a6d-bd58-13bce2402022,Project_521,Field Research
sgomez@example.org,09e8eba0-537a-4eeb-83e2-fd6733eaed6d,Project_353,Field Research
steventaylor@example.com,f6cb62d1-78da-4114-8c94-efe26ea75b0e,Project_171,Field Research
anash@example.net,32d34be2-00f3-4562-a8b2-7e828345091b,Project_934,Machine Learning
brooke17@example.org,d8e4cf21-eb64-494a-8fc4-b5d24a0da344,Project_537,Field Research
jessicascott@example.org,538d0823-9c2f-4a39-bc3b-08295eafcd7b,Project_308,Machine Learning
zacosta@example.net,99632220-80a7-4efc-9c5f-4f0dd33d2d43,Project_480,Field Research
richardlarsen@example.net,27705550-42cf-4424-8130-b760a4ad53d8,Project_328,Machine Learning
sandra71@example.net,fe52c04a-e2f1-4495-bbde-2e20b6c0a6d8,Project_473,Field Research
patrickmcintosh@example.com,34466936-ad5c-462d-a062-e71b6b255730,Project_541,Field Research
robertsontracy@example.com,2ada416d-30e3-4214-af09-503087a31313,Project_955,Machine Learning
jramos@example.com,cfdf0816-8c8c-4b63-8c43-5423b5f09dc4,Project_522,Analytics
markrose@example.net,bee569b9-d1bd-4f83-bd16-259142995249,Project_968,Machine Learning
crystal20@example.org,2b715f31-63d0-4cce-924b-f334ad2af76d,Project_706,Machine Learning
pgonzalez@example.com,656e0b2d-60f1-49e8-a3a7-073602d441a2,Project_111,Analytics
jimmymiller@example.net,3f2529d2-d2b0-4e46-88d4-addd344b70dc,Project_890,Analytics
robert40@example.net,e8b72f75-d03e-43f7-b3da-c8ff54ef3993,Project_443,Machine Learning
garnereric@example.net,8b90e26d-4241-4f62-8ffa-20ec0775c245,Project_707,Field Research
robertfleming@example.org,a93ac392-649a-44ac-b14e-879d9746f439,Project_256,Analytics
mason40@example.com,373b7658-f0e7-4ce6-8e95-8b8b6687b264,Project_245,Machine Learning
lauriebrown@example.org,f3b5dd67-0d5f-4c7c-a4fa-aa5a05743072,Project_85,Analytics
paynevernon@example.net,dcc9bda2-5cd6-4456-8748-6c852481d660,Project_264,Analytics
thomas69@example.org,216fbc14-cb43-404e-a247-84118d2f4b7f,Project_752,Machine Learning
ufuentes@example.net,87dbbdaf-8ea8-427d-acd8-8915231cca65,Project_526,Analytics
schmittshane@example.com,aa3bc757-38f8-42b5-932e-9b8af3e45628,Project_451,Analytics
ryan47@example.net,9ebc2937-dec5-4d26-b22a-296a9e859b87,Project_688,Machine Learning
milesjohn@example.com,adb9b91b-392a-45ce-b8e4-b1d036fb1e6c,Project_109,Analytics
lodonnell@example.net,f099fbad-4234-43ce-908e-8182e0d0cb90,Project_128,Field Research
stephanie17@example.net,4ec38947-b055-4083-b344-75274322fade,Project_956,Machine Learning
wshannon@example.net,0b711024-f336-4abf-8388-691d5f204012,Project_959,Machine Learning
austinrebecca@example.org,65df4002-a7a6-4a0a-8102-da9ec45f19c7,Project_239,Field Research
carlos11@example.org,3a087ced-91ef-46aa-9d69-9ab4ea9e9376,Project_44,Analytics
baxterpaula@example.net,d7771480-653e-45d5-bcb8-4600ddb66677,Project_978,Analytics
rachaelcabrera@example.net,605990c1-8fc0-4ba1-892c-e21cded1413f,Project_717,Field Research
longkristin@example.com,246fd5fa-4dd4-4d57-8f5f-5d7d6da767ea,Project_730,Field Research
erika49@example.org,f787042f-b3f8-4046-8d40-0a9d1bbddf79,Project_195,Machine Learning
eparker@example.com,d3121fd5-4d5c-438a-a1a4-78220ac6eb4e,Project_855,Analytics
craigmatthew@example.net,37629409-f9b7-4438-9bc7-0ceb97e842ba,Project_662,Machine Learning
kathrynphillips@example.com,4fef4e2d-fe19-43ee-9220-ef90b0314c61,Project_540,Machine Learning
johncarter@example.org,130ebe74-e4f8-4517-b5f1-58113ee874cb,Project_911,Machine Learning
crystal20@example.org,abb43811-4d1d-42e5-8960-03c5bf92e761,Project_1000,Field Research
hendrickslinda@example.com,d4f2c3dd-fa8d-47ac-9448-5332b4a6132c,Project_304,Analytics
sroman@example.net,231674d4-88cc-46a6-b855-a8d331f90cf7,Project_589,Machine Learning
hannahconley@example.org,b2d011d9-4fdf-4091-8014-e36e0f4b501e,Project_903,Analytics
brooksmark@example.com,657f3220-0fd3-4923-b3c1-19508dbaf6e9,Project_241,Machine Learning
fmurphy@example.org,b8a96182-bcee-4a80-bd7b-25f3a0833313,Project_614,Machine Learning
justin96@example.org,6558e045-c63c-4b12-9342-c7899688ff66,Project_513,Field Research
bill49@example.org,6288460b-9c4a-4006-bde4-2d2720a886e1,Project_86,Field Research
natashajennings@example.com,a1c104f9-8973-495e-a4ae-838cf9a7c170,Project_243,Field Research
michaelruiz@example.net,e2bfadf7-4372-4775-8564-d7a642b14602,Project_319,Analytics
james71@example.org,42f7fa3d-1328-4adb-a0f6-f2f3f12daa20,Project_943,Machine Learning
leetimothy@example.net,69ec8980-70b3-4713-b623-a57e135f899d,Project_90,Field Research
andrea17@example.com,f0462227-9cdf-43dc-9720-2dc4bafd15e5,Project_426,Field Research
brooksmark@example.com,a02a90e1-315e-4d20-8402-b5558b6c717e,Project_398,Field Research
emartin@example.org,50da79f1-3752-4492-b2cf-64b688bdcdff,Project_200,Analytics
clarkrobert@example.org,0d8ca6a6-ec6a-462f-9962-7293451d1a98,Project_359,Field Research
ecohen@example.net,60ca5246-351c-493d-97e6-d30c90dd983f,Project_110,Analytics
lewispamela@example.net,7b1c0387-1e41-45e8-a7fc-97866e350fe7,Project_923,Analytics
johnsonjason@example.com,03f67934-d41b-4cb9-9065-53a877dc4d89,Project_617,Analytics
brenda81@example.net,7f284f04-f4ac-418b-b792-26c20e8daf68,Project_801,Analytics
crystalholder@example.net,1df8105f-b1d2-43b1-934d-8784666bde05,Project_744,Analytics
vroy@example.com,63c6629b-1c42-4d0b-af12-68c9ca51dfa2,Project_360,Field Research
jennifernelson@example.org,8c11f6a3-cc63-4ea5-831e-448485c00d14,Project_966,Field Research
msalas@example.net,1dd569a1-8d7f-4a04-84c1-0f4894da495b,Project_194,Analytics
karenkelly@example.com,804fbc7d-8139-4ca9-a8c7-045707e0f36d,Project_657,Analytics
qramirez@example.org,502dc438-0b65-4c1c-876a-02e5e78d7b22,Project_802,Analytics
vwatts@example.org,2faa0c01-3a03-4724-9f6a-7e39f4d90346,Project_71,Machine Learning
jonespaul@example.net,8d5ecb71-4b87-4a32-927b-2cc7d4b62940,Project_106,Field Research
osbornerebecca@example.org,4a4679d9-40ac-4542-8c50-9279b5d18ced,Project_232,Machine Learning
xwilliams@example.net,2903bbda-7bad-4cfe-be3f-f7e896a71a4b,Project_101,Field Research
hillkatie@example.net,7da044bf-d892-4150-84ae-d4dd3dbb97df,Project_137,Machine Learning
pwarren@example.net,f019632d-dc63-46e0-bb65-1061b46951ae,Project_111,Field Research
christinamills@example.org,aa3bc757-38f8-42b5-932e-9b8af3e45628,Project_197,Analytics
brownsarah@example.org,f2e604c6-9c1e-4271-bdbb-f1f60ad06a16,Project_706,Analytics
timothy91@example.net,d796eb58-9900-485b-be23-993a685dc3bf,Project_777,Field Research
caseynicole@example.org,e81848dd-b105-40ee-8f3f-b324f5dca3a0,Project_867,Analytics
williamwalker@example.com,21cc2922-1374-4f66-a767-7747f6cdf6c3,Project_524,Analytics
johnsonalexander@example.net,1c4663f1-400b-4f7b-a3b3-55749d9a03c8,Project_739,Analytics
jennifernelson@example.org,a681e0ff-78f2-4413-b099-6645fa63b40f,Project_499,Analytics
jacqueline85@example.org,ac495fa2-5ce7-46c6-838e-4d8a3464c44a,Project_228,Field Research
joshuahamilton@example.org,53d0de1a-7031-4fc5-aa7d-189f7793e280,Project_335,Machine Learning
morristerry@example.com,602e3738-76ae-4314-84f4-df880a20ced1,Project_197,Analytics
vanessa06@example.org,029cfdd0-ea28-4421-8218-8644779c0291,Project_891,Field Research
michaelbrown@example.com,1c2f67bb-7b2a-4160-9618-001fddba2757,Project_138,Machine Learning
imeyer@example.net,aad5bcb1-aa3e-406c-90ee-97610752bb1f,Project_371,Machine Learning
parkerjoanna@example.net,2095176c-1675-430a-923d-dc9cbedf0e80,Project_624,Field Research
browneric@example.org,1982a657-2994-4915-87b2-7f3ea2ba3e99,Project_352,Machine Learning
jkhan@example.com,0849c8c8-25bd-4e34-8986-222af0869848,Project_996,Machine Learning
robinsonjesus@example.org,42e9f967-313d-4b2a-bfd7-d3d626d3f42a,Project_30,Machine Learning
vwatts@example.org,fb7e3dfc-4fdf-4d83-aa16-0df1f4592076,Project_869,Analytics
emily67@example.org,a23c6655-5811-4bc6-8305-54d2ec0f86f3,Project_938,Machine Learning
jill87@example.net,dcae93c2-89ca-4f81-b891-54a5127a2f6b,Project_59,Analytics
dorseydave@example.com,37638dde-191b-4626-a2c2-c41d3635d40e,Project_183,Machine Learning
jramos@example.com,638eb910-07d9-474c-adf8-7f3b1d6cbb86,Project_825,Machine Learning
erika49@example.org,c6339272-5799-4e08-878f-6ef18266fe0c,Project_313,Field Research
mariomerritt@example.net,6ee96348-553d-4007-83f0-fc4a5f66d092,Project_755,Field Research
andreapeterson@example.org,7f98c5e5-69fa-4acc-bc5e-eb25b4797f0b,Project_968,Field Research
connie27@example.net,1642aeaf-87dd-4265-94c5-69dd3b0af1bd,Project_95,Analytics
melanie04@example.net,4d73520c-53b9-4399-b711-5724d45d966f,Project_528,Analytics
wilsonstephanie@example.com,60303874-730f-4d38-9715-443c800741bd,Project_341,Analytics
emily67@example.org,56d4b14f-363a-4049-baf3-299b6f65e1be,Project_143,Field Research
dorseydave@example.com,37f11cc5-a708-47df-8ba1-9175586db949,Project_141,Field Research
fmurphy@example.org,7947f85d-f82a-4e2e-9f1d-a97b173e1700,Project_816,Field Research
lauraadkins@example.net,f099fbad-4234-43ce-908e-8182e0d0cb90,Project_889,Analytics
loretta91@example.org,815870a6-baba-453b-b9db-62533b3b7a74,Project_129,Field Research
kristengreen@example.net,fe54c85f-ef5f-4430-a08f-3c931cdd8f3c,Project_493,Analytics
eparker@example.com,76295ca9-bb8b-42ba-806b-a18b38054ce2,Project_426,Machine Learning
michelle70@example.net,30396058-3850-45ca-a8a8-50052c5b465d,Project_559,Analytics
lopezdustin@example.org,044466ba-7aff-4842-8e08-0f89399a5873,Project_928,Field Research
eric17@example.net,b590e99d-ac12-40ac-b559-157358ba94a6,Project_672,Analytics
timothy27@example.net,f433b91b-bfbd-4c3b-aa24-13716ea1c7a2,Project_480,Field Research
katrina20@example.net,77b88dc7-5411-4287-8d5e-f14ad4c84f00,Project_300,Analytics
connie27@example.net,3903d50a-ed4b-42af-9a35-b506c1095f2a,Project_388,Machine Learning
pwarren@example.net,5b0c1fb2-11af-4694-a4f9-ef837da6ba30,Project_577,Analytics
maria19@example.com,b073dc93-ca16-47d7-bb21-08f0d0c279c0,Project_904,Machine Learning
garzahannah@example.org,7b02ddb7-4212-4497-8be7-da32b74eb7de,Project_253,Analytics
ksmith@example.net,de7df4d0-aab6-4de1-9329-1db57e84a22e,Project_192,Machine Learning
joshua00@example.net,0af23347-261b-4c6a-8bfc-eba51ec105a7,Project_494,Analytics
mwillis@example.net,bf923858-3e3a-4506-a41f-13c4af39e24b,Project_886,Field Research
ywest@example.com,60db9c4c-af91-4933-aaab-447c03f252cc,Project_602,Machine Learning
mark55@example.org,4e79bce0-51fd-4a4c-b549-ff30343160cf,Project_876,Analytics
jameslee@example.com,7dac4806-87c9-46ab-8778-6622616b0e71,Project_627,Field Research
brianna41@example.net,854f3cb8-7aae-4f2d-9c1c-8f13707e3f43,Project_693,Field Research
juandavis@example.net,f1189720-b27d-4ccf-8048-3ee49ee03017,Project_270,Analytics
rmolina@example.net,fff16e51-5b67-4b08-b483-2e35fee03a69,Project_941,Machine Learning
hannahperez@example.net,c0e1cf1f-99b8-4aba-8d2f-4abfe00171cd,Project_504,Machine Learning
rachaelcabrera@example.net,28543af8-5494-46bd-b786-bb7489c668fb,Project_930,Field Research
thomasnguyen@example.net,b4d90dd3-4867-42b2-95fa-6f576fc10c43,Project_173,Machine Learning
natalie02@example.org,3c425393-802d-4d93-8086-b7730bad2d99,Project_409,Analytics
parkseth@example.net,65df4002-a7a6-4a0a-8102-da9ec45f19c7,Project_401,Machine Learning
vbrown@example.net,9508196b-8440-4dbc-9f0a-c0374a671d2b,Project_195,Analytics
mark55@example.org,a6f39d6c-7de0-4cbc-be72-b73a34fd31df,Project_502,Machine Learning
chill@example.com,a6c2d276-09f1-4cef-99e6-57279b0f1eae,Project_902,Machine Learning
andrea17@example.com,02fd8dfe-774a-41b7-bbbc-7a027c4affc2,Project_93,Machine Learning
stephanie80@example.org,3a7be3b4-f288-49eb-ae19-aab6b72ed17a,Project_871,Field Research
deannaboyer@example.com,727e0a6d-c8a0-48f5-b85b-25b7aca9d22d,Project_778,Field Research
fgonzalez@example.net,7f27944a-cb8d-4f89-8c92-e7d1c5f051f3,Project_777,Analytics
fuentessandra@example.org,7fecc5dc-0d6b-4126-8489-3d6ed0f5fbad,Project_999,Analytics
owensamy@example.org,f40596f7-e178-4954-ade6-af957e939a97,Project_508,Field Research
bruce81@example.com,2f4dc39d-06f7-464b-8901-991db2564d6b,Project_933,Analytics
dmurillo@example.org,6fa97fa5-f431-4c94-8999-652e4459ca2f,Project_374,Machine Learning
jennifermanning@example.com,f3b5dd67-0d5f-4c7c-a4fa-aa5a05743072,Project_171,Machine Learning
eparker@example.com,5a1d8a64-060c-4c54-becf-ff5e8ce5f8cc,Project_262,Machine Learning
omiles@example.net,9f48b6fc-b023-4432-aa64-0d125810c921,Project_949,Field Research
angelamcfarland@example.com,16022d7d-3f7f-4d65-afe1-bb02c3f26556,Project_780,Field Research
michaelperry@example.org,48b8ef71-9141-41fb-b8e7-bf092757b24d,Project_440,Machine Learning
bethanywright@example.net,e51770f2-b040-4b61-8542-57b7ace94f78,Project_974,Machine Learning
johnsonchristopher@example.org,71b27167-9c74-4895-9750-bb8bc7af3e1c,Project_580,Machine Learning
lauriebrown@example.org,b7d32a1d-ee45-4a49-b161-682a34013f01,Project_164,Field Research
hdyer@example.org,235b646e-a18a-4f67-8f41-0e1c882e12b1,Project_621,Machine Learning
jason10@example.org,f4eda04c-af48-4561-b9e1-28c5f25a670d,Project_699,Field Research
matthewaguirre@example.com,556ea51f-fee0-44fe-ac69-d8f6e3b2f27f,Project_147,Field Research
matthewaguirre@example.com,6431c74b-6fa1-4863-85d4-fbe0acfa27a7,Project_314,Field Research
jeffreyshaffer@example.org,2b906756-41ab-4ddf-ad8b-9c2ef0799e5e,Project_960,Analytics
walkersara@example.net,f4b0b67b-2300-4967-b54a-5a65b4e1150e,Project_649,Machine Learning
sullivanantonio@example.org,dd1c3d4f-4525-43dd-a071-cad0325d73a9,Project_913,Machine Learning
dmiller@example.net,51b95851-ffed-4d9e-84a1-f927f873f2cc,Project_294,Machine Learning
cassandramercer@example.org,7c4ebf4c-e541-4280-b41a-440df128ef92,Project_999,Field Research
madison24@example.net,3c21a355-8ca1-401e-9ee4-4bec6979341d,Project_770,Field Research
manningscott@example.net,c4a8e9bb-52b7-4a74-b529-39d4cbc1ed78,Project_449,Analytics
wshannon@example.net,ce3d59b2-0bc9-40af-a6f2-6a2444fae85f,Project_800,Machine Learning
khensley@example.com,0a16499c-9039-4bb2-88f2-6cf3e8099f2c,Project_484,Analytics
pollardelizabeth@example.com,1b7f2866-87a3-43d7-ba26-1ad82a3f3424,Project_717,Field Research
vanessa17@example.net,235b646e-a18a-4f67-8f41-0e1c882e12b1,Project_809,Field Research
jose23@example.org,0ab65253-5dac-4067-81d1-f1ab97eb50c5,Project_708,Analytics
vanessa06@example.org,6bf3ec9b-6927-4566-af15-ee945ed3c96e,Project_260,Machine Learning
kmccullough@example.net,92af87ee-d0fa-432d-9ebb-9fd1533435bd,Project_122,Machine Learning
alexanderwalker@example.org,7e71f130-ab02-46fb-8222-b0ef83c8b97e,Project_919,Field Research
natalie02@example.org,534c1caf-36ba-4e3d-a53a-c4a1f872cfe8,Project_262,Field Research
sophia91@example.org,54d5286a-0368-4387-ae46-ea0decdeaa3d,Project_304,Machine Learning
wilsonstephanie@example.com,7ed0b085-043e-413f-9074-87fe210e18d7,Project_89,Analytics
smithsophia@example.net,724846f0-b09e-4a1d-9d5c-0ffa8fad54bf,Project_517,Machine Learning
ryan47@example.net,63c6629b-1c42-4d0b-af12-68c9ca51dfa2,Project_817,Field Research
fhutchinson@example.org,f0e280d7-6f2a-402e-aaeb-60db06bee566,Project_78,Analytics
melissatate@example.net,0a829897-cd1e-4ed9-9616-5d028e459651,Project_790,Analytics
qestes@example.com,459b0d0d-02da-44e3-a338-d3551ab34fc3,Project_96,Machine Learning
alexanderwalker@example.org,41e00997-d97a-4529-9c10-2df5b69ed5bb,Project_134,Field Research
jeffreyshaffer@example.org,2c90f802-be18-4c75-8495-1870e01c154e,Project_969,Machine Learning
christina02@example.net,fd205dbf-38a9-472a-a4d7-495f9f71beba,Project_463,Analytics
zroberts@example.com,45d4f8de-4f69-4d73-897d-1da6cf84ee3f,Project_275,Machine Learning
jenkinseric@example.com,a04ba074-7fce-4957-ad6e-25953b29e259,Project_363,Analytics
fnunez@example.net,2e42951d-1461-4748-a041-9a110aae19b2,Project_187,Analytics
joshua38@example.org,a67b3bb4-0cd7-4d1d-8a4f-29f2b28a907c,Project_454,Field Research
madison24@example.net,4f853e96-16c0-4460-9e7d-219eccd2d07c,Project_770,Analytics
codymills@example.org,de86edb9-e397-4bd1-8daa-2f2913481500,Project_245,Analytics
madison24@example.net,96454df0-b5d9-4620-821d-e8da4d706950,Project_451,Machine Learning
matthew23@example.org,6b704f90-0f57-42c9-b289-bd5a7cb7a401,Project_450,Field Research
emartin@example.org,35ff4b4a-9167-400f-aec3-34a04561b7d2,Project_412,Field Research
bryancarroll@example.org,0f78136b-b2de-4ea5-841d-5802570c9d54,Project_577,Machine Learning
joneschristopher@example.net,8e9458ca-1bfe-4988-8732-bd800db72d39,Project_370,Field Research
michaelwilliams@example.com,bc4afa3a-558e-411b-a960-87c1ed759776,Project_843,Field Research
churchjack@example.org,232ca579-b471-4636-8860-0524fa8eca8b,Project_453,Machine Learning
thompsonsteven@example.net,3899823b-cbae-4549-b656-2c31657aae13,Project_386,Field Research
karasullivan@example.com,2a10873d-423c-418e-a248-e01caf8a4310,Project_426,Field Research
caseynicole@example.org,15c13952-d1c9-44da-9f8d-709fc5fde07f,Project_731,Field Research
jennifercruz@example.net,fd5844b5-c9ed-484f-835e-ddeec1ceda8d,Project_141,Field Research
dmurillo@example.org,15395cc7-b32d-4a3a-b90c-37775c3c20eb,Project_71,Field Research
craigmatthew@example.net,eabb716b-fd51-4ea3-b0b6-d50c01f2ad60,Project_442,Machine Learning
wboyd@example.org,e2bfadf7-4372-4775-8564-d7a642b14602,Project_109,Machine Learning
lisapalmer@example.org,5b0c1fb2-11af-4694-a4f9-ef837da6ba30,Project_76,Machine Learning
lopezthomas@example.net,83ba2a60-0253-4f89-890b-d43941bb1845,Project_873,Analytics
julie94@example.org,07c78bd6-48f9-4bc8-a7a0-8394cd467977,Project_82,Analytics
parkseth@example.net,fbd70e7e-70fa-418b-b689-8520fbaa4971,Project_954,Machine Learning
rita62@example.net,d3f7c449-621c-4399-9fea-6a56c41f2d25,Project_509,Field Research
brandonreynolds@example.org,82d328d1-4230-404e-9d5b-562ab533b111,Project_759,Analytics
jonesjamie@example.net,dc9f2f97-89df-4045-bae1-dbafe42feb41,Project_986,Machine Learning
rita62@example.net,0a0ee78b-7b5e-4aed-a7e4-ef8c853b3d67,Project_734,Field Research
andresmith@example.org,ae8e1034-aa39-4664-b9a1-c2e51a549a00,Project_300,Field Research
swansonpaul@example.com,8b90e26d-4241-4f62-8ffa-20ec0775c245,Project_835,Analytics
bethanywright@example.net,9784b2cc-c345-4b34-9508-61b9629f0dd1,Project_814,Machine Learning
leerica@example.net,d5ba0d60-7d0b-4b9b-804e-4e6409433cab,Project_841,Analytics
jkhan@example.com,cdd2573f-01c5-4fcd-baed-a3b2fcc93a64,Project_31,Field Research
garnereric@example.net,c1ce336c-6bc5-4384-9ccd-84dddca3c2a6,Project_23,Machine Learning
scott78@example.net,e3725a5b-d1fd-46e8-bb68-c999d3061e0a,Project_342,Machine Learning
rita62@example.net,1b3a25e6-21d6-4f63-897c-695c6f1c274d,Project_323,Analytics
steven75@example.org,628b9cb6-e0df-4302-a638-cd6d099cd157,Project_808,Analytics
alexanderwalker@example.org,39535afb-9286-4c5d-922b-6f4d5dfa32ab,Project_214,Analytics
jeffrey68@example.com,5bea86c6-2e70-4069-82dc-3dfe3baf2c8e,Project_881,Analytics
angelamcdowell@example.net,6e25c0b5-273d-4f2f-b984-69becf22018b,Project_293,Analytics
gschneider@example.org,ec587932-0a21-4ee3-ac13-78f57b21e548,Project_211,Analytics
zhardy@example.com,072299d4-6acf-4024-8919-2bf68286c312,Project_735,Field Research
longkristin@example.com,a1e51127-2a64-403f-b56c-fb550b1c7fce,Project_171,Analytics
williamwalker@example.com,d5ba0d60-7d0b-4b9b-804e-4e6409433cab,Project_157,Analytics
brittanyramos@example.org,321e7434-7dbd-4150-9742-75dfbca135d7,Project_89,Machine Learning
nicholascrawford@example.org,7947f85d-f82a-4e2e-9f1d-a97b173e1700,Project_409,Machine Learning
clarkrobert@example.org,97946696-a2f7-4d58-beb7-8e556251e698,Project_136,Machine Learning
janice58@example.net,69c677bc-ef4c-40df-93ec-028d5c144971,Project_992,Machine Learning
christopher61@example.com,5c0b8ea2-994c-4ca2-b614-d841cc7391d0,Project_45,Field Research
fgonzalez@example.net,f019632d-dc63-46e0-bb65-1061b46951ae,Project_251,Field Research
bentleytheresa@example.org,f4eda04c-af48-4561-b9e1-28c5f25a670d,Project_172,Analytics
matthewerickson@example.net,eb39e57d-33cc-4a39-8bf3-ea5e1fb6b381,Project_200,Machine Learning
nicholascrawford@example.org,5ae8e0d4-9755-4f7d-ac7f-d1968457010a,Project_217,Field Research
jasonellis@example.org,49227ac1-3484-4dff-91f9-cee23909ce98,Project_680,Analytics
leetimothy@example.net,564a4009-55f9-4752-ae44-972b3b2f6e2d,Project_886,Machine Learning
juandavis@example.net,d99f2008-eb74-4e18-b101-da5585f9fc46,Project_18,Analytics
collinschristina@example.org,939cbc60-1e4d-436e-910c-6c94db188269,Project_651,Field Research
mcgrathsusan@example.com,510a9c4d-2e70-4234-8f8f-853d5acc7990,Project_782,Analytics
susanritter@example.org,df40a27c-3b4f-45ad-aebd-1431121ae4a8,Project_649,Field Research
ojohnson@example.com,fbe5cb36-2f61-42f8-be8e-cd3a252a7328,Project_12,Analytics
lisaparker@example.com,c6cdff05-0865-44c7-b758-2ec83b972ae2,Project_316,Analytics
rachaelcabrera@example.net,19cf912c-fc98-4c74-8ec3-41fb85dff94b,Project_288,Machine Learning
vroy@example.com,a25c6dbb-5aba-4ce9-837e-6fbb0cdcd856,Project_216,Machine Learning
evelyn31@example.org,7f9a04a7-8fa8-4348-8be9-d4acf6f819dc,Project_647,Field Research
zhardy@example.com,f656dac1-fce1-45f1-a71a-fdbc173ed1b5,Project_748,Analytics
craigmatthew@example.net,e22008f7-4c2a-4729-aa3c-db658dbf5671,Project_882,Analytics
jprice@example.net,760a59ce-98fe-4a66-b52d-93df4e1084d8,Project_4,Machine Learning
erica34@example.com,520d2709-09a9-4003-989d-17e36fe9d5c5,Project_630,Machine Learning
obass@example.com,c815586b-d7d7-4009-9871-6ca775462699,Project_54,Machine Learning
jameslynch@example.net,4b155ace-481a-4d93-9ef4-cdc0ddea99e1,Project_499,Analytics
codymills@example.org,231674d4-88cc-46a6-b855-a8d331f90cf7,Project_274,Machine Learning
williamwalker@example.com,0ff0ff64-7805-49ff-ae0e-20a0cad34597,Project_830,Field Research
craig32@example.org,65df4002-a7a6-4a0a-8102-da9ec45f19c7,Project_226,Field Research
michelle70@example.net,6748614a-f3ea-4aac-9abb-771684228a12,Project_711,Field Research
denise43@example.net,35898b3d-c6e4-4b95-a6c9-e611cd9ac7e3,Project_17,Machine Learning
jenkinseric@example.com,132682d3-cf06-4dc4-bb52-07a2d46362f6,Project_845,Analytics
clarkrobert@example.org,0edd5d36-d2c5-42a6-b28e-88d214390e56,Project_399,Machine Learning
gilesbarbara@example.com,bb7e811e-a6e4-4e1b-9ce4-c60db183735e,Project_984,Machine Learning
loretta91@example.org,8fcb6914-3c31-4d05-b4fb-805441067dd9,Project_559,Analytics
ecohen@example.net,3d01c7ee-1b5a-49c8-9ec6-4e4e8a58bc7d,Project_629,Field Research
lawsonstephanie@example.com,9f17e1f5-3007-4dee-8bbe-31c8f89a8966,Project_430,Machine Learning
vwatts@example.org,bdca426f-4162-45aa-b79e-abda7645996a,Project_99,Field Research
lcooper@example.com,2981ebdb-d591-49c3-a117-301327b0c8d1,Project_543,Machine Learning
lcooper@example.com,3cf8fa96-34a9-446d-82cd-a85d9eb67dc9,Project_205,Machine Learning
jason95@example.com,22c41180-7c88-4627-9592-ad9af107e76d,Project_77,Analytics
loretta91@example.org,81ce570b-7701-49fd-833c-948be42f9556,Project_206,Analytics
tammy26@example.com,745b7327-90e6-439d-8340-efaa5ceec8f8,Project_295,Field Research
daniel49@example.com,991aa448-1b8d-4ede-bd40-2e1488022471,Project_381,Machine Learning
frobinson@example.com,71d3c117-fa52-42e9-b726-f4c43884d4f4,Project_541,Analytics
thompsonsteven@example.net,e5dbcb4b-43d7-4d94-a8f2-3cd049ad0b7e,Project_966,Machine Learning
pollardelizabeth@example.com,45716c42-2757-4b9e-ae07-b0bfed7f2977,Project_275,Field Research
emartin@example.org,60a3873e-c01d-4181-973b-e90554353877,Project_974,Field Research
tiffanymcdonald@example.com,3cd650f0-40f2-4301-b091-e39c027709d0,Project_564,Field Research
hdyer@example.org,27c05d8b-1ec2-4f48-a934-170807ad98ab,Project_810,Analytics
tinasanders@example.org,ca26ebaa-cf24-412b-ac38-f84ff7372895,Project_736,Machine Learning
nicole85@example.net,6431c74b-6fa1-4863-85d4-fbe0acfa27a7,Project_252,Field Research
amandaowen@example.com,5839604b-cb2f-4a3d-ba8d-d9c6123d2e95,Project_935,Analytics
sanchezjasmine@example.net,f24a1252-418c-4b85-adc8-2ac5c29218cd,Project_842,Analytics
christinamills@example.org,246fd5fa-4dd4-4d57-8f5f-5d7d6da767ea,Project_163,Analytics
jennifer50@example.org,03215180-2757-4263-bdf0-66a445e34ec4,Project_971,Field Research
beckerchristine@example.org,5476c19a-d721-4e79-bad2-72d41fa215f4,Project_385,Machine Learning
amanda33@example.com,4541f970-4e4b-442e-bf40-10e02f535b15,Project_767,Analytics
bowenjustin@example.net,a2ea1a3f-4bec-41bf-b1b8-4019b3e1163d,Project_485,Machine Learning
reynoldsderek@example.com,752ce6e6-1e27-489a-81cf-212351a6d222,Project_795,Analytics
anash@example.net,31699480-c936-4b83-bd53-2c0c82e328ba,Project_26,Machine Learning
jonespaul@example.net,c35b7690-e859-4bb3-9d13-d39859ed9b98,Project_258,Field Research
robertsonjoseph@example.net,cf9806ce-122c-405c-b461-8da9d3861257,Project_562,Analytics
craigcynthia@example.net,dcdceac8-c8b5-4f8a-8373-af127f5db1bd,Project_172,Field Research
joshua00@example.net,7a8ba47d-6cae-47f6-9f76-9e2581c88128,Project_245,Analytics
jyoung@example.org,37ccd819-9b93-4396-8aae-0c97c139eec7,Project_297,Machine Learning
hamiltonsonya@example.org,d52e8bc1-06b5-4a0e-94f2-dc8d76083cd7,Project_661,Field Research
phillipwarren@example.net,06aacff3-d427-453b-9ef3-ff7e4b04f939,Project_710,Machine Learning
rita62@example.net,30396058-3850-45ca-a8a8-50052c5b465d,Project_67,Analytics
swansonpaul@example.com,986f487a-8cd3-48fb-87c0-bc0a62384dd5,Project_457,Analytics
austinrebecca@example.org,12d0a26b-c53c-47f8-bd4f-a5182f30c9ea,Project_926,Machine Learning
brooksmark@example.com,57529b6f-c861-4f3b-9cdd-2d623153ff20,Project_354,Machine Learning
deannaboyer@example.com,c934d1ce-1eb0-4b5a-90aa-4eac35ef5eda,Project_861,Analytics
fuentessandra@example.org,fd205dbf-38a9-472a-a4d7-495f9f71beba,Project_310,Field Research
bill49@example.org,3b9d632f-b42b-4e98-b460-9edd471a037d,Project_793,Analytics
erika49@example.org,b10b1aa3-0889-4670-9ff6-af35489f62ef,Project_441,Field Research
ryan47@example.net,246fd5fa-4dd4-4d57-8f5f-5d7d6da767ea,Project_732,Machine Learning
williamwalker@example.com,8e3b12a2-4a3e-4352-acb8-ba29e1bbba66,Project_953,Analytics
zacosta@example.net,ff32aac2-af35-4c91-8544-a465e5d8f8a8,Project_719,Analytics
lelliott@example.net,dec4b672-4461-4184-af24-f17cb87c7aed,Project_41,Machine Learning
xrandolph@example.net,0e8dd524-469e-4fa2-be9d-28a308c3ca55,Project_58,Analytics
crystalholder@example.net,c4b4ad5c-18e7-4088-ae16-cfb58c80e9d4,Project_707,Analytics
bsmith@example.org,d37645d2-fe27-4303-b43f-ae40da965998,Project_622,Field Research
garnereric@example.net,5ced1076-b68e-4299-a5b6-db2986737b78,Project_898,Field Research
tjones@example.org,a681e0ff-78f2-4413-b099-6645fa63b40f,Project_435,Analytics
fmurphy@example.org,262bb228-40fe-4cdd-baf3-9b7b18e4c092,Project_803,Analytics
parkerjoanna@example.net,1591fab2-162c-4c28-8697-0e0895afb9b8,Project_306,Machine Learning
robert08@example.org,a9e92491-53ac-4777-8ae6-e14dd37227f7,Project_800,Field Research
gcobb@example.com,c11c96f3-efd3-4d5d-b6e9-cde363d9b068,Project_83,Field Research
kathywade@example.org,539097c5-6578-42e9-bc03-ca514b9b1520,Project_9,Analytics
reynoldsderek@example.com,72704b4a-0ff7-421b-8b4f-69e41f83de39,Project_728,Machine Learning
melissatate@example.net,1eacc62d-e3b7-40d2-8bda-7505065c8b10,Project_145,Field Research
isingleton@example.com,c345b953-cc00-413e-8562-da88062c1fe8,Project_278,Machine Learning
shoffman@example.com,248cd794-655e-48f9-83d3-73a05cb87ab2,Project_617,Machine Learning
reyestamara@example.org,82d328d1-4230-404e-9d5b-562ab533b111,Project_203,Field Research
lmcdonald@example.org,6cbba0f3-e889-4567-a745-900c4af355f9,Project_358,Machine Learning
reynoldsderek@example.com,badba49c-aed0-48e6-bc92-a669844e4ace,Project_539,Machine Learning
julie03@example.net,03f70936-6b92-4243-b9b8-db41b56cf3a9,Project_195,Analytics
turnermichael@example.net,1e833da4-00db-4e23-b2a1-a38fea5897d5,Project_901,Analytics
ujenkins@example.org,4585ef75-b440-401c-b4e6-87e772f74743,Project_926,Field Research
murphyjohn@example.org,a394f08f-0d51-4619-b0cc-f0bc63605430,Project_906,Field Research
nathan50@example.com,a1c104f9-8973-495e-a4ae-838cf9a7c170,Project_416,Field Research
kyle76@example.com,22e7890c-b6b1-47ba-ab3e-8174142390b4,Project_185,Field Research
gcobb@example.com,c23a0ea4-195f-4bba-807b-8e76c1d2cd8c,Project_579,Machine Learning
rossmartin@example.com,77b4951f-bf81-4795-89db-ed01f809f1b2,Project_445,Field Research
terri83@example.org,8679a88a-a3a2-4004-9d18-53e5dae1277e,Project_705,Field Research
murphyjohn@example.org,0bd5cd8e-d11f-4cce-9fae-5b3b6ed198ff,Project_532,Field Research
robinsonjesus@example.org,ca645d13-71b7-463f-9717-f0ecbed0397f,Project_941,Analytics
melanie04@example.net,7924c09f-d17b-423d-b8b5-d94df2c233cd,Project_43,Machine Learning
rossmartin@example.com,a03d15e9-0bce-4e11-917f-a2a1717cdf04,Project_248,Machine Learning
wardarthur@example.com,0360cc94-5f30-4782-aa5e-ed795e957435,Project_412,Machine Learning
nicholascrawford@example.org,8fe65d9f-9184-4785-a6a7-78911cc1f783,Project_237,Analytics
vroy@example.com,6ac786a9-8a53-4876-9a7d-a4ba0e829896,Project_830,Field Research
megan26@example.org,adb9b91b-392a-45ce-b8e4-b1d036fb1e6c,Project_187,Machine Learning
millerthomas@example.org,f9880479-bf5c-477c-ba8e-0651a0e054a5,Project_305,Field Research
hallteresa@example.com,4f7c3042-5dd7-448c-8e7e-1ed4ee4a5c53,Project_738,Analytics
kmccullough@example.net,af041f9b-1056-4027-af1c-387a5451834a,Project_546,Machine Learning
mkline@example.com,f48de060-8fea-4d45-a99b-2ffe6233683c,Project_539,Analytics
aarongreen@example.org,fb69c49c-17fa-44fe-8227-5d9614934e65,Project_517,Analytics
oturner@example.org,2007d41d-c65d-40b8-929f-47b1131625b9,Project_641,Machine Learning
kimberly48@example.org,2dac7266-eb91-4532-aad3-37f7055ec36e,Project_715,Field Research
michaelmcguire@example.com,e7bb20d1-2e02-49ce-b262-b59f202f4f12,Project_372,Analytics
kyle76@example.com,83c208f3-86e1-4909-8a63-9daf804698c8,Project_252,Field Research
isingleton@example.com,6e0cd51d-a0cf-452f-a3f8-13501f3482c9,Project_114,Machine Learning
hamiltonsonya@example.org,22bdb0a5-94d6-4a35-a6f8-3d29feaf99a4,Project_674,Machine Learning
mlambert@example.com,ca76b6a7-75b9-4107-b7f6-483832446c4a,Project_264,Field Research
christopherodom@example.net,942969c7-ab62-459f-9630-27fcb57e6e97,Project_123,Machine Learning
aarongreen@example.org,3ef7ddf0-680b-4908-8e81-87e763d4abe6,Project_48,Machine Learning
wtran@example.org,506851b7-1946-4b6a-84c4-707b3e99a2a9,Project_234,Field Research
pgonzalez@example.com,33e6d04d-8889-4a1b-b26f-44da831b4e02,Project_563,Analytics
kyle48@example.net,fe03f690-db26-4fe5-81a2-51eb8f520e9c,Project_312,Machine Learning
amberwalsh@example.org,a2ea1a3f-4bec-41bf-b1b8-4019b3e1163d,Project_39,Field Research
angelamcdowell@example.net,40e1cd46-a6d9-42a0-87df-0aac9f3e36f3,Project_556,Field Research
mmiles@example.org,6cb5d8cd-0d85-4db4-9243-c9250bede4f1,Project_86,Field Research
combshannah@example.org,8864681d-41f9-4eae-b96b-877c74a71744,Project_329,Analytics
gschneider@example.org,689bdebc-c63d-4ebc-81a2-3c801683ec60,Project_798,Field Research
amberwalsh@example.org,0d0dc4aa-95aa-4c87-9fa3-a79e33c49081,Project_711,Field Research
thomasnguyen@example.net,123b8d9d-de3f-45a4-9b7c-b8639b57e9ed,Project_443,Analytics
jmiller@example.net,0e71a6b8-6021-413a-be46-b10e94244ae8,Project_199,Machine Learning
michael67@example.com,80e86182-5561-43a1-9806-4882a4852a88,Project_581,Field Research
diananoble@example.net,23cda0e6-055d-4d90-8e67-4f73e8c4e612,Project_183,Field Research
susanritter@example.org,325bc095-bb23-4efb-b7f5-ef0751e39a1f,Project_585,Machine Learning
daniel49@example.com,c72cb906-f8cb-4223-9fb6-63c515e73381,Project_333,Machine Learning
deannaboyer@example.com,40a7a7c5-99ae-480a-a6ab-ac2997212b1a,Project_659,Analytics
ywest@example.com,0ab65253-5dac-4067-81d1-f1ab97eb50c5,Project_263,Analytics
parkerjoanna@example.net,5401946f-58b0-4156-9089-0bad3013141b,Project_909,Field Research
goliver@example.org,ca563a3b-df6c-4836-8085-3ee30d3e01f6,Project_996,Field Research
amybonilla@example.net,829537e5-6a78-4a46-ba58-01bc9227ae8a,Project_511,Field Research
shannonmatthew@example.net,8557252f-8085-45db-8c0c-1652b44d1f93,Project_718,Analytics
rsalazar@example.net,6dce4aba-afa9-4ad2-959a-25c8fc8cfc2a,Project_966,Field Research
brittanyramos@example.org,84278104-8239-4815-baae-c523569a41ec,Project_718,Machine Learning
timothy91@example.net,1c4663f1-400b-4f7b-a3b3-55749d9a03c8,Project_188,Field Research
andrewswilliam@example.net,f26d37a4-5a5c-4bfc-9ba0-52f913b822d1,Project_406,Machine Learning
katrina20@example.net,6c9a46d4-cce9-4948-995d-3eef7f0680b5,Project_300,Machine Learning
lawsonstephanie@example.com,e95dae61-7209-411d-a862-4d84dceac1cf,Project_602,Field Research
brooke17@example.org,101afd64-7702-45d5-aec0-691cac723475,Project_105,Machine Learning
grantdaniel@example.org,8679a88a-a3a2-4004-9d18-53e5dae1277e,Project_736,Field Research
susanritter@example.org,ff190fde-5ad7-46b8-b186-e84ba48111d0,Project_880,Field Research
stephenmelendez@example.org,2fa94220-90ba-4a65-8879-b0ee54b0dd80,Project_907,Machine Learning
wtran@example.org,d673d43e-8478-45b0-99a2-139d9b8ceb03,Project_172,Analytics
melanie04@example.net,941fc69a-33e3-4d0d-a4ae-e14c4266d2a9,Project_159,Machine Learning
christinamills@example.org,26e38a22-bf44-4e31-8699-3b43dacc1ce9,Project_285,Analytics
qclark@example.org,621ad825-20d7-40d7-beab-2a7b339abb11,Project_308,Field Research
jacksonhunter@example.org,6748614a-f3ea-4aac-9abb-771684228a12,Project_425,Analytics
nwilliams@example.com,aa2c447c-5e77-4791-81d5-15630312f667,Project_260,Field Research
cbarrett@example.com,a7ea74cb-075f-42ab-a267-6c105d7e7563,Project_560,Analytics
michaelmcguire@example.com,5df9aff3-71d4-4937-9329-cf304a759cff,Project_551,Field Research
maria19@example.com,38c0e8e8-a26f-4321-ad66-08300904af2a,Project_592,Machine Learning
fabbott@example.com,346e6a49-9e11-4680-83da-baded2f8f3d6,Project_155,Field Research
marykaiser@example.com,dcd5b75e-67d5-4d05-a66c-82eb375d19c5,Project_912,Field Research
bryancarroll@example.org,132682d3-cf06-4dc4-bb52-07a2d46362f6,Project_265,Field Research
christina02@example.net,23039189-3e25-4901-8ff1-25f45318e1de,Project_75,Field Research
millerthomas@example.org,83f11c96-4fd5-4ae4-a5e6-dfb013e5b317,Project_92,Machine Learning
stephanie17@example.net,d1d03f71-ae82-4d8d-bf2e-066c361f9ab8,Project_753,Analytics
kellyrose@example.org,b4863bd6-5853-4cec-8b7b-10475ea28985,Project_836,Machine Learning
jyoung@example.org,556ea51f-fee0-44fe-ac69-d8f6e3b2f27f,Project_448,Field Research
eric17@example.net,c4b5d101-c183-4ea4-a6b1-ed2fb8be3a30,Project_289,Analytics
smithsophia@example.net,ae60526c-af98-43af-9c11-a39e975dc7fc,Project_390,Machine Learning
ksmith@example.net,60db9c4c-af91-4933-aaab-447c03f252cc,Project_366,Machine Learning
denise43@example.net,76928aef-18d0-4b3b-abea-5f7bbe5932c8,Project_738,Machine Learning
nancyhoffman@example.org,1cd09447-77e0-4462-9977-285444a5354f,Project_632,Machine Learning
angelamcdowell@example.net,677b3fd6-5e81-4887-ab6a-59283028b5b7,Project_732,Analytics
kathleen27@example.org,829537e5-6a78-4a46-ba58-01bc9227ae8a,Project_887,Field Research
sophia91@example.org,8463b049-cd15-463f-bb02-58989e4aa9a0,Project_556,Field Research
justin96@example.org,acbb9dd1-1654-4ceb-9968-fc70eb7cf265,Project_887,Analytics
john74@example.net,97df5679-d0e2-4700-a088-c0a920538769,Project_891,Analytics
bentleytheresa@example.org,ca4f6c0b-ad7c-44a0-8b52-6b96ab31e77e,Project_224,Field Research
jeffrey68@example.com,3c4ffb9d-fb05-4001-ba71-630cb4bee771,Project_504,Analytics
dawnbradford@example.com,20110662-b41d-45e9-ab0f-00a8f46805da,Project_969,Machine Learning
jennifernelson@example.org,fb7e3dfc-4fdf-4d83-aa16-0df1f4592076,Project_20,Analytics
michaelmcguire@example.com,201d62b8-570b-4570-8088-8200e5f3f203,Project_275,Field Research
julie94@example.org,87dbbdaf-8ea8-427d-acd8-8915231cca65,Project_361,Analytics
brenda34@example.com,cae12c2d-710b-47c0-a84f-d41d0d12344a,Project_453,Machine Learning
kristengreen@example.net,a0d61610-880f-4e6a-a233-fb819023de46,Project_20,Machine Learning
michaelwilliams@example.com,dad236c1-ad74-49e7-bfa6-eb92fe748216,Project_389,Field Research
kristengreen@example.net,c2bdc322-09d1-438c-8993-03cdc825601f,Project_199,Machine Learning
stephenmelendez@example.org,a73c9d59-5160-4168-ba73-0381f32e77f0,Project_923,Analytics
dale62@example.org,4866b1f6-bb52-430d-8fbc-4cb6272a3e96,Project_600,Field Research
alexandria35@example.org,5dee323f-e842-4558-aba6-8dca603ba9b3,Project_370,Machine Learning
megan26@example.org,96c0c495-8ff1-4ee5-a4b6-45948df119dd,Project_299,Field Research
woodsamantha@example.org,54c9bd57-5f60-47f8-aaa2-a3066a52ed86,Project_271,Field Research
xwood@example.org,06fe9fd6-01c4-40dd-9d77-e911a13cff5e,Project_443,Analytics
rmooney@example.org,e391dcb3-4d79-4619-b717-70757e0b0719,Project_71,Field Research
hendricksmary@example.com,3f57f304-3394-4227-ab66-6119eb7e51f8,Project_928,Machine Learning
brendaanderson@example.com,27c05d8b-1ec2-4f48-a934-170807ad98ab,Project_931,Machine Learning
toddstewart@example.com,487aa5aa-0b1c-43a5-9d00-26d286766027,Project_40,Analytics
bryancarroll@example.org,6d2b335e-bf2f-48ef-9007-4656dcd2f96a,Project_316,Field Research
ithompson@example.org,5efc9a70-0295-4916-a103-c9b935edec8e,Project_782,Field Research
susanritter@example.org,3f869f4b-3171-447f-a7e5-173e6e4ad868,Project_529,Field Research
corey93@example.org,26b3ad86-2ede-4040-b99f-945e1793f03d,Project_683,Analytics
matthewerickson@example.net,52663e31-f7f8-4f02-a67a-d51034580b1a,Project_199,Analytics
cbarrett@example.com,cd9f5f28-9808-4bc4-a0c0-22d96b9b6b0f,Project_325,Analytics
monicadickson@example.net,d74c9684-a249-42d0-9af0-9212424c8533,Project_724,Field Research
gschneider@example.org,eb5585fd-9d58-4305-b2a2-8267d776082b,Project_991,Field Research
isingleton@example.com,694609f9-efa2-4cc6-ac94-acf083cf57b7,Project_651,Analytics
mwillis@example.net,7b1c0387-1e41-45e8-a7fc-97866e350fe7,Project_882,Analytics
melanie04@example.net,cf9806ce-122c-405c-b461-8da9d3861257,Project_392,Machine Learning
garzahannah@example.org,ff2961d3-434d-4f75-92b2-903fab479a3b,Project_957,Analytics
rileycody@example.org,538d0823-9c2f-4a39-bc3b-08295eafcd7b,Project_95,Field Research
monicadickson@example.net,ecca1547-4109-4d8a-bf9d-64f256d96a75,Project_46,Machine Learning
lopezdustin@example.org,df2b511a-94ba-4e22-90d0-aac6f5d9f2d1,Project_734,Machine Learning
kimberly48@example.org,23202f84-e858-45d9-b787-767d8318a019,Project_70,Analytics
johnthomas@example.com,eba8a107-21c0-43bd-9c0c-fd2312f3fd74,Project_558,Analytics
andrew19@example.com,3d372f6b-801a-4aa5-988f-0e8371871119,Project_124,Field Research
shoffman@example.com,5a992d82-3e8c-46c3-bbc4-a0154ab9c5e0,Project_816,Analytics
markrose@example.net,a215d875-70b2-4899-8483-1f667dc1f2cd,Project_283,Field Research
gcobb@example.com,a1e51127-2a64-403f-b56c-fb550b1c7fce,Project_517,Machine Learning
edgartorres@example.net,a1b73141-0dfa-4669-96bd-638f70ed5325,Project_213,Analytics
normapeterson@example.net,37629409-f9b7-4438-9bc7-0ceb97e842ba,Project_317,Machine Learning
joe18@example.com,970fd667-14e6-4b36-a643-5876a0d8b979,Project_991,Analytics
sandra71@example.net,8b6a21d3-4207-4ed6-ba80-f572692da6af,Project_375,Analytics
amandaowen@example.com,1b3a25e6-21d6-4f63-897c-695c6f1c274d,Project_382,Machine Learning
