email,name,address,birthdate,gender,country
hobbskathleen@example.com,Holly Mays,"2422 Rita Walks Nicholasfort, CT 79536",1973-07-21,Female,Syrian Arab Republic
ewall@example.com,Frank Martinez,"798 Kenneth Hills Russoshire, GU 51317",1970-02-09,Female,Canada
connie27@example.net,Brandon Garcia,"46113 Amanda Station Santosshire, FM 06064",1993-07-04,Male,United Arab Emirates
gilesbarbara@example.com,Chris Alvarez,"4044 Tara Place Oconnormouth, SC 72990",2000-12-10,Female,United Kingdom
michaelperry@example.org,Andrew Price,"706 Mandy Vista Apt. 668 Port Gloria, SD 50252",2000-06-01,Male,Norway
rachaelcabrera@example.net,Jeffrey Ferguson,"133 Jeffrey Mills Shannonborough, WY 51872",1985-12-22,Female,Solomon Islands
michelle70@example.net,Ivan Barnes,"44007 Lisa Port East Breannabury, AL 96459",2005-09-11,Male,Netherlands
tiffanymcdonald@example.com,Robin Wood,"36453 Janice Glen Port Robert, NH 28063",1970-01-04,Male,Vanuatu
smitheric@example.com,John Doyle,"153 Wright Court Apt. 683 Smithstad, PA 75334",1981-03-31,Male,Czech Republic
leetimothy@example.net,Laura Padilla,"751 Jonathan Viaduct Kirstenton, CT 32289",1988-08-19,Female,Guam
zhardy@example.com,Kimberly Arnold,"61812 Robert Crest Apt. 045 East Shannonborough, MI 76472",2005-10-08,Male,United States Virgin Islands
lisapalmer@example.org,Christopher Neal DDS,"667 Bradley Points Mcgeeview, WV 02218",1977-07-04,Male,Puerto Rico
erobinson@example.net,Raymond Jackson,"609 Mosley Mission Phillipsbury, MH 89591",1980-01-09,Male,Mexico
upayne@example.org,Rickey Estrada,"7072 Kathy Hollow West Brent, OK 30961",1980-07-06,Female,Christmas Island
austin89@example.net,Laura Lee,"348 Richard Lodge Suite 946 Ericfort, NE 99434",1973-08-17,Male,Saint Martin
chayden@example.org,Shannon Grimes,"55499 Mccarthy Curve Port Michelle, NV 26015",1978-07-29,Male,Rwanda
lewispamela@example.net,Holly Johnson,"011 White Vista New Zachary, PR 26142",1976-08-07,Female,Paraguay
kmccullough@example.net,Tiffany Henry,"791 Hunt Underpass Suite 811 Shaneland, MN 52230",1981-02-20,Male,Djibouti
osbornerebecca@example.org,Tina Wilson,"5866 Joseph Meadow Lake Jonathan, MP 04899",2000-11-20,Female,Iceland
jessicasanders@example.com,Mario Kramer,"09782 Jacob Cape Suite 257 Rodriguezfort, MS 20242",1997-02-15,Male,Kazakhstan
lisawilson@example.net,Christina Herman,"027 Amy Locks Apt. 630 Michellebury, MN 54548",1972-05-02,Female,Greenland
samuelcummings@example.net,Mark Greer,"18760 Anna Terrace Apt. 642 Howellside, WA 79696",1972-12-19,Male,Japan
manningscott@example.net,Nicole Wright,"50010 Julia Road West Jodiview, TN 13480",1987-07-13,Female,Gibraltar
jacksonkathy@example.com,Willie Peterson,"88761 Emily Mission Apt. 368 Palmertown, MH 91564",1995-06-20,Female,Congo
codymills@example.org,Jessica Murillo,"573 Daniel Shore Port Chelseastad, IL 87404",2005-06-03,Female,Turkey
changbrittany@example.net,Tanya Contreras,"86066 Cowan Views Amychester, MT 78724",1996-06-13,Female,Mauritius
khensley@example.com,Lisa Hunt,"461 Ruth Drives Suite 440 New Christopherview, MH 32805",1970-09-02,Male,Bhutan
nicholascrawford@example.org,Joy Banks,"352 Nichole Brook Port Jason, PW 18457",1974-12-02,Male,Paraguay
michaelruiz@example.net,Joshua Miller,"2342 Fields Divide Apt. 743 Hawkinsfurt, ME 43243",2007-06-27,Female,Wallis and Futuna
cranejohnny@example.net,Travis Carrillo,Unit 3241 Box 9861 DPO AE 79317,2005-06-02,Male,Turkmenistan
hdyer@example.org,Jacqueline Adams,"376 Russell Court Lake Kara, TN 51528",1981-02-08,Female,Australia
aarongreen@example.org,Russell Ruiz,"949 Whitney Motorway Jessicamouth, IA 20230",1986-05-08,Female,Cuba
jennifer50@example.org,Brandon Morgan,"62966 Jason Vista Andreaside, MA 58828",1977-12-19,Male,Switzerland
michael67@example.com,Charles Rose,"895 Wood Parkway Merrittville, GA 82841",1994-09-19,Female,Saint Pierre and Miquelon
hallteresa@example.com,Kimberly Hall,"290 Sanders Curve South Robertburgh, IL 80425",1986-10-21,Male,Norway
parkerjoanna@example.net,Candice Rush,"135 Joseph Road Suite 618 Lake Cynthiafurt, AK 40240",1998-07-28,Female,Djibouti
james71@example.org,Glenn Garcia,"0640 Elizabeth Rue Apt. 966 West Larryhaven, OR 90536",1983-07-16,Female,Uganda
goliver@example.org,Carolyn Phillips,"87724 Catherine Row South Christinaview, VT 28103",1998-07-17,Female,Burkina Faso
katrina20@example.net,Paul Lester,"2205 White Radial Suite 199 Lynchland, OR 78845",1977-07-16,Female,Central African Republic
nancyhoffman@example.org,Chad Robertson,"306 Adam Lodge Nguyenshire, RI 80842",1967-01-09,Male,Georgia
lindsay45@example.org,Erin Bright,"150 Griffin Cliffs Sandrahaven, NM 26016",1977-08-02,Male,Mongolia
bbryant@example.org,Christopher Jackson,Unit 3132 Box 3417 DPO AA 70097,1974-11-02,Female,Iran
timothy91@example.net,Janet Wright,"791 Gonzalez Vista East Latoya, IA 19307",2007-12-15,Male,Trinidad and Tobago
courtney94@example.org,Melissa Robinson,"66709 Lucas Roads Suite 570 Thomasville, OK 88380",1998-07-16,Male,Jersey
patrickthompson@example.com,Nicholas Moore,USS Lewis FPO AP 18104,1974-01-11,Female,Bahamas
xoliver@example.com,Gregory Conner,"526 Timothy Union Apt. 338 East Johnathan, IL 29719",1971-06-26,Female,Barbados
medinadavid@example.org,Michelle Rivera,"75582 Smith Crossing Lynchberg, GU 45114",2005-08-18,Male,Israel
alexanderwalker@example.org,Cody Hunt,Unit 8515 Box 4147 DPO AP 91824,2004-08-17,Female,Kuwait
brandi78@example.net,Jennifer Graham,"6740 Hoffman Villages South Denise, UT 66015",1976-12-09,Male,Malawi
mariomerritt@example.net,Angelica Eaton,"4403 Stacy Fort Apt. 707 West Stephanie, AR 92010",1975-08-07,Male,Liberia
omiles@example.net,Zachary Bowman,"0570 Jason Plaza Suite 198 Banksfort, OK 35075",1995-10-04,Female,Botswana
erika49@example.org,Joseph Pham,"52555 David Port New Shane, CA 10942",1980-09-28,Male,Tajikistan
baileyrachel@example.com,Thomas Hernandez,"02497 Krystal Plain Swansonville, PA 32207",1972-04-10,Male,Croatia
leerica@example.net,Stacy Russell,Unit 5033 Box 9785 DPO AE 64916,1982-05-14,Male,Cote d'Ivoire
chill@example.com,Charles Haley MD,"4240 Terry Forge Lake Dustinville, PR 93496",1994-05-15,Female,Montenegro
jonesjamie@example.net,Lee Martinez,"8278 John Shoals Philipborough, OK 28551",1976-05-22,Male,Burkina Faso
normapeterson@example.net,Timothy Morse,"03565 Hicks Cliff Brownburgh, WV 40680",1975-05-20,Male,Germany
ryan70@example.com,Mary Hardy,"860 Samantha Ramp Lake Karen, IL 22463",1985-06-08,Female,Uzbekistan
shannonmatthew@example.net,Jacob Cook,"926 Hoover Corners West Kristine, IL 01654",1973-05-24,Female,Italy
hillkatie@example.net,Angelica Butler,"2594 Valdez Passage Amandachester, VT 44124",1981-05-22,Male,Tonga
megan26@example.org,Stacy Grimes,"646 Reed Gateway Christopherton, VT 16872",1999-06-03,Female,Libyan Arab Jamahiriya
kyle76@example.com,Shawn Holland,"4569 Michael Fords Suite 769 Rebeccaland, MP 46259",1971-02-02,Female,Morocco
cooperheather@example.net,Nicholas Turner,"78255 Bryant Terrace Apt. 319 Richardsonville, MN 64347",1995-09-18,Male,Botswana
jeffrey19@example.net,Natalie Holloway,"1590 Bell Spring Apt. 792 East Shawnton, ID 49427",2005-01-27,Male,South Africa
sanchezjasmine@example.net,Holly Ross,"3901 Lisa Divide Whitakerside, CA 95159",1977-10-17,Male,Costa Rica
jackson44@example.org,Dawn Smith,"826 Diaz View Apt. 394 Willisborough, VI 13698",2005-01-16,Female,Ireland
imeyer@example.net,Logan Shaffer,"279 Ware Shore North Kristopherfort, IA 95302",1994-07-16,Female,Australia
alisonhernandez@example.net,Molly Li,"00224 Joseph Ferry Woodside, NV 13208",1997-05-07,Male,India
wardarthur@example.com,William Frost,"15751 Barton Gardens Lake Amber, ME 01573",1995-10-04,Male,Saudi Arabia
ryan47@example.net,Reginald Harvey,"79920 Jacob Unions Apt. 973 Taylorland, PW 69073",1970-06-27,Male,Heard Island and McDonald Islands
sarahbradley@example.org,Amanda Atkins,"13527 Zachary River Suite 752 East John, NV 59366",1989-06-14,Male,Nicaragua
sdaniel@example.com,John Patel PhD,"81758 Welch Forest Williamstown, FM 88824",1991-05-25,Female,Mozambique
wilsonsally@example.net,Tracey Cole,"854 Graham Bridge Suite 893 Lawsonmouth, FM 06493",1969-06-20,Female,Saint Pierre and Miquelon
moracory@example.com,Matthew Greene,"0479 Amy Parkway Apt. 492 Port Rhondaburgh, SD 04339",1985-06-10,Female,Papua New Guinea
browneric@example.org,Thomas Reed,"22090 James Shores Lake Jacob, GU 16104",1973-04-26,Male,Yemen
bryancarroll@example.org,Destiny Cowan,"4778 Cheyenne Vista South Kevin, VT 75520",1988-05-03,Female,Peru
churchjack@example.org,Kenneth Howell,"975 Good Springs Thompsonfurt, SC 64304",2005-10-21,Male,Dominican Republic
grantdaniel@example.org,Matthew Hoover,"2065 Daniel Loaf Fergusonfurt, DC 50920",1996-11-09,Female,Uganda
robertmoore@example.com,Zachary Cain,"460 Eric Squares Apt. 525 Port Joshuashire, LA 34224",1976-05-02,Male,Turks and Caicos Islands
xwilliams@example.net,Phillip Cook,"67833 Goodwin Springs Port Tara, AK 98313",1986-04-25,Female,Lao People's Democratic Republic
jacqueline63@example.org,Sharon Russo,"678 Andrew Pass East Eric, HI 05090",1969-10-07,Female,Madagascar
christopher61@example.com,Alicia Mcmahon,"94158 Ronald Lights Perkinsshire, MA 82354",1999-07-19,Male,Slovakia (Slovak Republic)
lisaparker@example.com,Monique Buchanan,"32275 Hayes Junction Harperhaven, PR 65473",1976-03-15,Female,Belarus
terry36@example.org,Sarah Pearson,"232 Melissa Fields West Brian, OR 69273",1994-12-18,Female,Djibouti
rita62@example.net,Mary Perez,"62491 John Shoal Apt. 848 Lake Johnfort, SD 36315",1969-10-21,Female,Georgia
jacqueline85@example.org,Lisa Smith,"647 Maldonado Lights Apt. 471 Port Kellyland, DC 29359",1968-11-16,Female,United Kingdom
jennifercruz@example.net,Elizabeth Vargas,"9491 Mills Plains New Brandonmouth, NC 16457",1971-04-05,Male,Zimbabwe
staceybradley@example.com,John Schwartz,"568 Tracy Freeway Apt. 474 Thomasburgh, NH 23270",1981-07-30,Female,Uzbekistan
mark37@example.com,Michael Sherman,USCGC Miller FPO AA 57193,2004-09-15,Male,Austria
justin96@example.org,Tiffany Wallace,"779 Benjamin Centers Suite 650 New Courtneyburgh, DC 92653",1967-11-20,Female,Tanzania
gutierrezdeborah@example.net,Traci Pollard,"0862 William Via North Heatherside, MT 99805",1969-01-20,Female,Faroe Islands
timothyconley@example.org,Rhonda Montgomery,"400 Michelle Greens Port Russell, HI 96950",1995-04-30,Female,Montenegro
baxterpaula@example.net,Amanda Fuentes,"5066 Stephanie Motorway Amandastad, ME 04035",1997-11-12,Female,Wallis and Futuna
ilowe@example.org,Ashley Green,"805 Rice Dale Suite 690 Ramirezborough, WA 83906",1988-09-10,Male,Tokelau
janet22@example.org,Heather Norman,"7713 Kristin Plain Suite 124 South Susan, SC 57755",2007-04-23,Female,Mozambique
jameslee@example.com,Daniel Mclean,"095 Young Cliff Apt. 492 Jimenezland, CO 80775",1997-09-02,Male,Guatemala
kevin38@example.net,Sharon Lopez,"9367 Richards Prairie Suite 070 East Russell, WV 27027",1974-01-16,Female,Uruguay
eric17@example.net,John Travis,"84469 Walter Court Carrieborough, AR 43094",1986-12-14,Male,Saint Vincent and the Grenadines
joshua69@example.org,Amanda Coleman,"98790 Nicole Pike Suite 225 Lake Jackie, OR 25930",1989-06-21,Male,Mauritius
schapman@example.org,William Hall,"PSC 0615, Box 5471 APO AE 03654",1989-04-13,Male,Sudan
tjones@example.org,Debbie Berry,"24980 Cole Knolls Monroemouth, VT 11383",1970-06-21,Female,Serbia
johnstondeborah@example.net,Donald Palmer,"357 Hartman Fields Suite 024 Kevinview, GA 98927",1986-08-05,Female,Slovakia (Slovak Republic)
christina02@example.net,Emily Jackson,"525 Sheila Courts Port Dustin, AL 06992",2001-07-27,Male,Sao Tome and Principe
johnthomas@example.com,Kristin Goodman,"980 Pierce Burgs Suite 227 Davisshire, WI 67636",1995-05-28,Female,Faroe Islands
jonespaul@example.net,Joseph Dunn,"250 Joel Loaf Lake Jenniferburgh, LA 03214",1979-03-17,Male,Nigeria
jwright@example.org,Natalie Alvarado,"5590 Smith Throughway New Michaelland, PW 04591",1991-10-09,Male,Czech Republic
dawnharper@example.net,Barry Sanchez,"5588 Eric Crossroad Leetown, WI 26928",1994-08-21,Female,Lebanon
cindyfranco@example.org,Jeffery Smith,"967 Huff Forge Suite 965 South Richard, VT 56601",1979-11-16,Female,Armenia
davisbrandy@example.org,Holly Jackson,"359 Rhonda Route Apt. 188 Wendyside, TN 10136",1979-06-03,Female,Switzerland
xelliott@example.net,Steven Myers,"80612 Jodi Villages Kyleberg, CO 66498",1999-12-03,Female,Panama
steventaylor@example.com,Kevin Wilson,"44823 Harris Plain Claudiabury, NJ 00564",1983-09-17,Female,Italy
brenda81@example.net,Gina Wolfe,"18418 Andrew Knolls Coreyland, HI 46988",1972-01-30,Male,Jamaica
lauraadkins@example.net,William Lutz,"844 David Tunnel Apt. 041 Loriville, GA 49786",2005-02-27,Female,Bermuda
ayersjorge@example.net,Linda Porter,"238 Tina Tunnel Apt. 339 Smithfurt, AR 45887",1987-09-06,Male,Chad
jmiller@example.net,Derrick Carter,"69927 Brian Brooks Suite 515 Kingborough, ME 86811",1987-04-05,Male,Central African Republic
uthompson@example.net,Marcus Mack,"508 Garcia Locks Apt. 651 Aprilside, MS 19232",1991-09-10,Male,Zimbabwe
gschneider@example.org,Joshua Simon,"746 Smith Road Gentryport, IL 42923",1973-09-05,Female,Tuvalu
zcrane@example.org,Emma Harris,"35742 Bell Brooks Perkinsburgh, OK 30394",1988-06-28,Female,Poland
amanda33@example.com,Natalie Salinas,"5097 Anita Camp Lake Barbaraton, ME 34604",1985-12-19,Female,Turkmenistan
lcruz@example.org,James Lee,"07418 Curtis Green Suite 918 Lake Brendaville, KY 83553",1990-06-27,Male,San Marino
johncarter@example.org,Dylan Flores,"722 Robin Roads Russellview, NC 62690",1976-09-30,Female,Russian Federation
brandtkari@example.com,Gary May,"445 Debra Motorway Apt. 179 Luishaven, NY 74063",1985-10-27,Female,Luxembourg
monicadickson@example.net,Christian Crawford,"9330 Thompson Keys Apt. 163 Jenniferton, FM 17335",1998-08-22,Male,Suriname
edwardstodd@example.com,Kimberly Leon,"052 Madeline Place Apt. 844 Erinberg, NM 96839",1980-10-24,Female,Faroe Islands
harveyjason@example.com,Jennifer Flores,"23120 Mark Mews Apt. 872 Langmouth, RI 80127",1991-10-11,Male,Fiji
lindsayanderson@example.net,Scott Alexander,"60060 Lori Hill Suite 600 New Mark, AR 55428",1985-11-13,Male,Macao
murphyjohn@example.org,Jill Diaz,"44629 Hawkins Rue Apt. 481 Williambury, NC 83847",1967-07-06,Female,Burundi
luis52@example.com,Nicholas Coleman,"973 Anderson Glens Suite 808 New Justinport, PA 41945",1971-01-28,Female,Sri Lanka
mkline@example.com,Kellie Schmitt,"989 Erin Track Jenniferton, GU 31592",1982-09-22,Female,Puerto Rico
corey93@example.org,Katie Aguilar,"228 Roman Summit New Russellton, IN 70001",1998-07-04,Male,Bulgaria
robertsonjoseph@example.net,Manuel Thomas,"8993 Blanchard Ramp Paulchester, CO 54681",1983-05-01,Female,Tuvalu
timothy27@example.net,Elizabeth Parker,"91386 Devon Plain Suite 823 New Amber, DE 79741",2002-11-16,Female,Puerto Rico
xgreen@example.net,Ashley Wright,USCGC Gonzales FPO AE 83073,1975-01-08,Male,Czech Republic
paynevernon@example.net,Patricia Moore,"6850 Peter Flats Suite 465 Hamiltonchester, MS 54585",1998-03-26,Male,Papua New Guinea
fabbott@example.com,Christopher Campbell,"16653 King Avenue Apt. 167 East Valeriemouth, LA 57169",2007-03-19,Male,Iran
scott78@example.net,Sandra Graham,"411 Medina Knolls Suite 702 West Mistyside, WA 67521",1980-04-14,Female,Bermuda
ehodge@example.com,Joshua Gordon,"97713 Richard Crossroad Suite 497 Leslieville, WY 60992",1990-02-19,Female,Montenegro
madison24@example.net,Nathan Shah,"2009 Robertson Mountain Suite 257 New Marcusshire, OR 14077",2006-08-31,Female,Mauritania
robertsontracy@example.com,Casey Navarro,"33899 Harrell Freeway Nancymouth, NH 52477",1981-01-24,Male,Wallis and Futuna
carolyn46@example.net,Jordan Valencia,"80848 Bush Trail Apt. 961 Piercefurt, PR 41193",1996-11-26,Male,Cocos (Keeling) Islands
natalie02@example.org,Tanya Smith,"23774 Tammy Vista South Jenniferbury, CO 79269",1984-07-30,Female,Mozambique
fspencer@example.com,Nicole Palmer,"3531 Antonio Ports Suite 447 Davidview, NV 79762",1965-03-27,Female,Micronesia
owensamy@example.org,Amy Barker,"41959 Jacqueline Light Apt. 844 Jordanmouth, PW 32673",1997-01-15,Male,Malawi
david37@example.org,Julia Mclean,"59961 Taylor Stravenue Port Anneton, MS 79336",1986-09-10,Female,Faroe Islands
jasonellis@example.org,Mark Barnes,"4705 Carter Loop South Benjaminside, NJ 79451",1970-04-25,Male,Cyprus
john27@example.com,Sarah Gates,"200 Michael Fork Apt. 382 Garciatown, AZ 67260",1993-08-15,Female,Switzerland
woodsamantha@example.org,Sheila Ward,USS Mclaughlin FPO AP 56317,1990-08-05,Female,Jordan
natashacole@example.org,Leonard Mendoza,"4182 Allen Crossroad Apt. 421 Crystalmouth, ME 63816",1982-06-02,Male,Bhutan
matthew23@example.org,Patrick Singleton,"789 Marisa Turnpike Suite 269 West Matthew, WV 50381",1967-02-12,Female,Montenegro
alyssa23@example.net,Jose Lara,"1211 Diana Extension New Moniquefurt, WI 26098",1974-02-15,Male,Dominican Republic
harriskeith@example.net,Amy Garcia,"065 Diana Meadow Apt. 178 Rachaelchester, NY 40268",2007-04-17,Male,United States Minor Outlying Islands
garyesparza@example.net,Andrew Peterson,"75495 Jessica Loaf Apt. 676 Bethmouth, MT 19710",1966-01-10,Female,Czech Republic
garnereric@example.net,Rachel Ellison,"487 Marco Expressway Apt. 730 Callahanview, AK 37555",1987-05-13,Male,Brazil
xwood@example.org,Tina Ortega,"076 Rush Villages Suite 596 Port Melissafurt, OK 88634",1989-12-03,Male,Indonesia
eric11@example.org,John Byrd,"PSC 4707, Box 2433 APO AE 24281",1983-11-13,Male,Azerbaijan
asanchez@example.org,Meagan Smith,"8062 Crystal Square Suite 051 Port Dennis, MD 83392",1982-10-09,Female,Saint Barthelemy
terri83@example.org,Jacob King,"935 Jones Route Suite 547 Lake Laura, CT 09253",1984-04-19,Male,Saint Vincent and the Grenadines
maciasalejandro@example.com,Phillip Fowler,"903 Kari Viaduct Suite 087 Terriburgh, NY 02478",1977-07-10,Male,Swaziland
karenkelly@example.com,Hector Montoya,"PSC 9042, Box 3458 APO AE 79576",1977-09-04,Male,Guadeloupe
sroman@example.net,Christopher Riley,"4705 David Plains Suite 851 East Jasonside, MS 72553",1987-01-08,Female,Belgium
daniel49@example.com,Harry Benton,"033 Theresa Freeway Cynthiachester, AR 70331",1981-08-17,Female,Czech Republic
lopezdustin@example.org,Amber Burch,"005 Bailey Inlet Apt. 436 Riceland, AK 70217",1989-04-08,Female,San Marino
nicolepreston@example.com,Patrick Leonard,"1301 Miller Harbors Seanside, GU 49143",2001-06-20,Female,Guernsey
wilsonraymond@example.org,Sarah Jones,"1748 Allen Fields Sandersburgh, ND 24189",1999-08-19,Male,Fiji
natashajennings@example.com,Mary Smith,"0883 Anderson Light North Jonathan, MO 53828",2006-04-11,Female,Mongolia
matthewerickson@example.net,Crystal Long,"5770 Austin Unions Apt. 243 South Sandraport, KS 48256",1979-10-16,Female,Estonia
ymitchell@example.org,Diane Williams,"82029 Duncan Centers Apt. 925 Lake Williamborough, MP 34713",1991-09-08,Female,Greenland
dorseyrobert@example.org,Lynn Garcia,"1152 Reginald Trafficway Pereztown, KS 49038",1986-03-18,Male,Burundi
bill49@example.org,Alan Moreno,"354 John Prairie Suite 885 Powellmouth, KS 10138",1974-07-31,Female,Denmark
marykaiser@example.com,Anthony Morales,"90902 Austin Brook Marvintown, ND 44468",2006-09-13,Male,Uganda
shoffman@example.com,Stephanie Walker,"831 Kathryn Shoal Apt. 269 Amandaport, MT 24329",1978-12-12,Female,Liechtenstein
michaelmcguire@example.com,Randy Carlson,"2518 Brittany Glens Morenoland, MI 40981",1980-10-09,Female,Australia
jhill@example.com,George Jackson,"5048 Gardner Shoal Murphyberg, PW 54444",1986-10-09,Male,Tonga
antonio17@example.org,Erin Cruz,"1673 Lorraine Rapid Apt. 227 West Cassidy, NY 82298",2003-09-08,Female,Gibraltar
connerjose@example.com,Mary Hogan,"353 Harrison Keys Suite 238 Jonathanview, KY 55003",2006-08-26,Female,India
ryan15@example.com,Edward Hicks,Unit 4999 Box 4325 DPO AP 68838,2000-06-24,Female,North Macedonia
kimberly48@example.org,John Stanley,"0919 Hodge Keys Suite 028 East Martha, ND 88335",1985-10-19,Female,Costa Rica
griggs@example.com,Paul Contreras,"58674 Clay Summit Danielton, VT 72903",1975-04-26,Male,Bolivia
ucampbell@example.net,Charles Benson,"229 Franklin Lodge Suite 507 Port Johnnyside, FL 07078",1993-03-17,Male,Martinique
hugheschristopher@example.net,Joshua Kennedy,"32466 Craig Curve Apt. 469 Christopherborough, ID 11584",1999-09-26,Female,San Marino
clarkrobert@example.org,Lori Abbott,"275 Salas Oval Rodgerstown, HI 82146",2003-03-17,Male,Namibia
nicolemaddox@example.net,Lauren Booth,"4479 Lewis Locks Suite 834 North Caitlinshire, MI 57324",1970-09-29,Female,Poland
patrick05@example.org,James Herrera,"455 Michael Isle Apt. 615 Coleside, KS 34296",1976-06-13,Male,Martinique
jackwood@example.org,Danielle Smith,"9213 Marie Flat Suite 774 Lake Matthew, VT 15622",2004-10-19,Female,Gambia
austinrebecca@example.org,Stephen Medina,"136 West Forge Apt. 436 South Lauren, NJ 89077",1968-03-14,Female,Solomon Islands
blakemichelle@example.org,James Jimenez,"555 Meredith Center Edwardsburgh, VT 97618",1996-05-30,Male,Switzerland
doyletimothy@example.net,Christine Francis,"1054 Carter Mission Apt. 670 Michaelville, CO 46151",2005-05-05,Male,France
ojohnson@example.com,Emily Mcgrath,"2726 Daniel Circle Apt. 278 Lake Jesseside, CO 14730",2006-09-26,Male,Spain
mcintyrelaurie@example.com,Samuel Burton,"8374 Barbara Crest Apt. 434 Amandaville, AL 31753",1980-05-26,Female,Fiji
cjenkins@example.net,Jane Fox,Unit 9029 Box 7314 DPO AP 55139,2000-06-28,Male,United States Minor Outlying Islands
joshua38@example.org,Thomas Blevins,"0166 Ho Radial New Cindy, OH 50405",1997-01-02,Male,Pakistan
mcrawford@example.net,Erika Wilson,"351 Atkinson Brooks Apt. 540 Stephenville, ID 34798",1989-02-16,Female,Rwanda
anthony86@example.com,Christopher Rivera,"2122 Martin Station Suite 430 Ashleyfort, MO 45662",2008-02-13,Male,Zambia
robertcarney@example.com,April Santos,USNS Smith FPO AA 27802,1996-02-24,Female,Kuwait
qestes@example.com,Jeffrey Rivers,"467 Amy Harbor Apt. 734 Tylerburgh, LA 87794",1997-09-19,Male,Ukraine
nwilliams@example.com,Lawrence Martinez,Unit 9158 Box 0623 DPO AP 47040,1987-12-07,Male,Zimbabwe
craigcynthia@example.net,Randy Morris,"944 Yvonne Station Sandersborough, OK 90639",1986-02-23,Female,Portugal
obuchanan@example.net,Susan Hernandez,"48917 Douglas Island Lake David, KY 65258",1978-10-31,Male,Palestinian Territory
meganrusso@example.org,Shelly Jones,"071 Hughes Cove Suite 530 West Kristine, MN 07277",1968-04-26,Male,Eritrea
longkristin@example.com,Matthew Frost,"104 Krause Route Suite 002 East Leslietown, PR 85328",2001-10-29,Female,Namibia
fromero@example.net,Thomas Clark,"879 Bush Well Suite 641 Rodriguezhaven, TN 80486",2003-09-23,Male,Trinidad and Tobago
hannahconley@example.org,Michael Adams,"512 Calderon Spurs Sharonmouth, DE 06393",1976-05-29,Female,Netherlands
jasonyang@example.net,Paige Daniel,"11647 Silva Stream Suite 015 East Stephanie, WA 97383",2006-12-22,Female,Palau
jose23@example.org,Adriana Ray,"811 Kevin Trail Suite 697 Lake Todd, PW 04343",2005-12-26,Male,Kenya
rileycody@example.org,Kelsey Austin,"02126 Michael Ports Suite 566 Thomasshire, TN 07414",1971-12-30,Female,Chad
schmittshane@example.com,Emily Welch,"519 Garcia Grove Jeremyton, AZ 68803",1992-07-11,Male,Pakistan
mmiles@example.org,Erica Lopez,"592 Bullock Bridge West Rebeccamouth, MA 86733",1995-04-27,Female,Saint Helena
hamiltonsonya@example.org,Patrick Lowe,"427 Jamie Greens Suite 076 Andersonmouth, MH 55931",1991-11-05,Female,Cambodia
qperez@example.com,Edgar Underwood,"8506 Simmons Tunnel Johnsonfort, PR 21725",1986-12-05,Male,Guinea
victorhowell@example.com,Christine Snyder,"65912 Allen Rest New Jeffreyburgh, AS 69229",1975-11-02,Female,Qatar
hendrickslinda@example.com,Oscar Guzman,USNV Spencer FPO AA 86864,1996-09-06,Male,Comoros
amybonilla@example.net,James Perry,"881 Payne Turnpike Blackwellport, MP 27659",1995-02-09,Female,Kenya
amynguyen@example.org,Monica Roberts,"76669 Stokes Trail Suite 428 Wellstown, ME 30049",2004-04-13,Female,Botswana
robert40@example.net,Alexander Nguyen,"7944 Dominique Land Suite 767 Toddfort, FM 77473",1987-12-24,Male,Armenia
fuentessandra@example.org,Kelsey Torres,"368 Donald Pines Lake William, PW 04689",1981-10-09,Male,American Samoa
thompsonsteven@example.net,Gloria Herman,"835 Allen Wall Apt. 333 Hendersonfort, AS 35161",1966-06-20,Female,Belarus
littlepeggy@example.org,Wayne Smith,"77634 Latoya Wall Apt. 457 North Joel, HI 93184",1975-07-13,Female,Mexico
wilsonstephanie@example.com,Zachary Schaefer,"2365 Butler Throughway Lake Randy, RI 74372",1995-05-18,Female,Switzerland
alexandria35@example.org,Bailey Cox,"14151 Nelson Manor New Jasonhaven, FL 33668",1999-09-16,Male,Mongolia
brooke17@example.org,Jennifer Waters,"4688 Anderson Forge Apt. 190 Casefort, WY 29985",1966-07-08,Female,Uganda
daniel59@example.org,Stephanie Fields,"4993 Velasquez Orchard Jonesmouth, OR 39033",1987-12-11,Female,Swaziland
jkhan@example.com,Madison Brown,"32004 Morris Union Suite 667 Port Haileyborough, FL 30080",1981-02-11,Male,Malaysia
odominguez@example.net,Cindy Lopez,"099 Jeremy Shores Apt. 522 Port Kristinastad, LA 86642",1975-04-18,Male,Venezuela
williamhall@example.com,Stephen Page,"4578 Brian Street Apt. 781 Lewistown, GA 34092",1992-09-07,Female,Papua New Guinea
emily67@example.org,Kim Payne,"31735 Wallace Mountains Tuckerburgh, GA 66816",1991-05-03,Female,Honduras
nicole85@example.net,Lisa Le,"7369 Michelle Drive Suite 422 Lake Regina, CO 60035",1984-02-08,Female,Singapore
markrose@example.net,Jennifer Booker,"33802 Kelli Park North Destinybury, KS 77878",2000-02-25,Male,Vietnam
mcgrathsusan@example.com,David Clarke,"58216 Matthew Light Suite 551 Adkinshaven, VT 45136",1988-11-02,Male,New Zealand
nrodriguez@example.com,Judith Harris,"69349 Perkins Avenue Vaughntown, NY 54396",1969-03-03,Female,Guinea-Bissau
nataliestewart@example.com,Michael Barry,"792 Deborah Heights West Michelle, TN 47541",1994-10-12,Male,Libyan Arab Jamahiriya
timothy64@example.org,Kelly Pham,"067 Vanessa Forks Davidmouth, LA 79899",1975-07-27,Female,Brunei Darussalam
cruzjennifer@example.org,Stephanie Rowland,"9665 Ruiz Station Apt. 825 North Brooke, IL 03900",2003-11-08,Male,Liberia
rbowman@example.org,Kelly Gray,"1069 Brian Point Port Crystal, FL 00570",1974-12-20,Male,Oman
dmurillo@example.org,Anthony Ramos,USNS Russell FPO AP 49486,2004-05-14,Male,Japan
denise43@example.net,Lucas Nelson,"156 Kathleen Plains Jeremyside, OR 97826",1968-05-21,Female,Jersey
shannongordon@example.org,April Abbott,"858 Kelly Points Suite 471 North Paulborough, AZ 75050",1994-06-26,Female,Hong Kong
angelamcfarland@example.com,Charlene Herrera,"03368 Campos Mountains Apt. 255 Port Rachel, AK 21128",1977-03-05,Male,Latvia
bruce81@example.com,Janice Grant,Unit 7589 Box 0292 DPO AA 41065,1988-03-21,Female,Isle of Man
victoriaschultz@example.org,Robert Jacobs,"9077 Chang Oval Apt. 693 New Stevenfurt, SC 15927",1991-11-29,Female,China
anash@example.net,Benjamin Salazar,"5940 Padilla Point Apt. 881 Williamsfurt, MP 64879",2002-03-31,Male,Burkina Faso
janice58@example.net,James Johnson,"75374 Patrick Islands Port Heidi, MD 18016",2003-04-08,Male,France
andersonmargaret@example.com,Dr. Andrea Franklin,"94444 Vargas Springs Suite 950 North Williamchester, AS 03154",1984-01-17,Male,Uzbekistan
melanie04@example.net,Carl Coleman,"92652 Macdonald Road Apt. 941 Garciatown, IL 61029",2001-01-06,Female,Congo
combshannah@example.org,Christina Jones,"8393 Rebecca Cliffs Apt. 882 Lake Kim, IL 12216",1983-09-12,Female,Niger
rmolina@example.net,Julie West MD,"797 Crane Flats Suite 781 New Lori, PW 25000",2001-06-04,Female,Solomon Islands
brianna41@example.net,Jamie Ball,Unit 8752 Box 5641 DPO AE 22516,1992-04-19,Female,Japan
parkseth@example.net,Lisa Prince,"40655 Christina Stream East Kenneth, AZ 06628",1989-09-22,Male,Japan
zmartin@example.org,David Robinson,"554 Zachary Port Apt. 464 Lake Robert, CA 23847",1984-07-29,Female,Spain
fmurphy@example.org,Nicole Davis,"2720 Peter Fords Lanefort, CA 30330",2002-04-19,Female,Tonga
steven75@example.org,Stephanie Doyle,"139 Edwards Isle Apt. 004 New Andrewfurt, KS 37322",1994-12-02,Male,Seychelles
tammy26@example.com,Shane Mullins,"64863 Morgan Mount Laurenshire, FM 89725",1996-05-01,Male,Holy See (Vatican City State)
carlos11@example.org,Andrew Werner,"480 Goodman Mall East Daniel, LA 17048",1986-10-24,Male,Seychelles
julie03@example.net,Luke Jackson,"9899 Crystal Glen Suite 768 Hubbardhaven, PR 58451",1997-12-14,Male,Slovenia
simpsonrachel@example.com,Casey Wu,"7634 Sean Spring Robinstad, AR 03897",1976-03-12,Male,Montserrat
josephwalsh@example.org,Katie Mckinney,"2293 Charles Way Suite 746 West Veronica, GA 55806",1979-04-16,Male,Sweden
caseynicole@example.org,Francisco Burgess,"372 Smith Gardens Suite 903 Port Jamestown, CA 61339",1969-11-03,Male,Cuba
shane00@example.net,Desiree Tate,"3384 Poole Crescent Apt. 277 East Alexander, HI 23599",1996-10-04,Male,Kazakhstan
obass@example.com,Amanda Jones,"99096 Mann Mission Russellland, NE 32390",1967-11-07,Female,Qatar
millerthomas@example.org,Kristen Rivera,"418 Cook Passage Apt. 227 Myersberg, AL 52612",2004-07-11,Male,Dominica
craigmatthew@example.net,Dominic Martin,"416 Christopher Prairie Suite 782 New Jessica, PA 13516",2004-08-29,Female,Saint Martin
oschneider@example.org,Wendy Harris,"6620 Le Falls Suite 063 West Danielle, MH 63965",1976-06-21,Female,Romania
lodonnell@example.net,Seth Roberts,"1251 Patricia Fords Suite 298 Port Antonioshire, PW 15895",2003-12-09,Male,Cyprus
msalas@example.net,John Stokes,"748 Larry Divide Apt. 516 Nicholestad, CA 86407",1975-05-12,Female,Poland
olsonchristopher@example.com,Nichole Brown,"9280 Rogers Trail Apt. 201 South Brandi, MD 71135",2006-06-22,Female,Panama
stephanie17@example.net,Alejandro Brown,"262 Eric Rue West Kelly, MT 52446",1976-01-18,Male,United Kingdom
glittle@example.org,Steven Chambers,"1865 Sarah Brooks Apt. 194 Larryside, MH 65386",2005-04-10,Female,Ethiopia
melissatate@example.net,Danielle Evans,"48055 Ashley Loop New Phillip, TN 39767",1995-10-09,Female,Croatia
morristerry@example.com,Alyssa Bolton,USNV Lynn FPO AA 12797,1968-12-07,Female,Croatia
joshuahamilton@example.org,Amanda Carson,"8829 Turner Passage Apt. 875 South Thomas, PW 59246",1999-04-28,Male,Guadeloupe
andrewswilliam@example.net,Brooke Garrett,"PSC 1445, Box 3092 APO AA 26209",1986-11-19,Female,Samoa
miranda09@example.org,Mary Castro,"1422 Romero Ports Lake Debrafurt, DC 01369",1974-07-28,Male,Netherlands Antilles
maria19@example.com,William Buckley,"6420 Kenneth Cliffs South Bryan, MO 03157",1995-11-02,Male,Montserrat
andresmith@example.org,Andrew Compton,"02044 Wilson Keys Roblesberg, VI 41973",1984-04-17,Female,Sudan
greenekeith@example.org,Brandon Morris,"332 Lara Plain Apt. 834 South Jennifer, PW 11194",1985-08-17,Female,North Macedonia
beckerchristine@example.org,Emily Patterson,Unit 2300 Box 0690 DPO AA 18795,1967-08-19,Female,Lesotho
jacksonhunter@example.org,Nicole Wise,USNV Lane FPO AA 89032,2006-05-27,Female,Dominican Republic
cassandramercer@example.org,Shane Young,"758 Owens Center East Elijah, MO 92253",1984-05-22,Female,Solomon Islands
gabriela34@example.org,Benjamin Phillips,"544 Joseph Fort Suite 435 Hensleyfurt, OH 86027",2006-08-20,Male,Burkina Faso
fnunez@example.net,Michele Harrell,"7091 Rodgers Plaza Apt. 329 Hoffmanberg, FL 65501",1967-04-15,Male,Bermuda
robertwilson@example.net,Gregory Davis,"5281 Stephanie Mountains Apt. 511 West Reginald, NM 74848",2000-09-24,Female,Djibouti
amberpierce@example.net,Jonathan Turner,"995 Boyd Underpass Suite 362 Patrickstad, MP 45831",1975-08-30,Female,British Virgin Islands
jason10@example.org,Vanessa Cole,"7891 Hernandez Meadows Apt. 180 Lake Royshire, DC 83654",1979-07-04,Female,Saint Barthelemy
courtney53@example.net,Devin Hayes,Unit 4399 Box 5827 DPO AE 47158,1991-03-10,Male,Dominica
brittanyramos@example.org,Alice Peterson,"82249 Kramer Squares Tylerchester, WY 75278",1989-02-16,Female,Seychelles
patrickjames@example.com,Elizabeth Jimenez,"2730 Stephanie Crescent Jordanton, AZ 28005",1972-07-09,Female,Philippines
vbrown@example.net,Cody Wilson,"248 Ortiz Street Hardingfurt, MP 97474",1970-12-30,Male,El Salvador
kimberlycarroll@example.org,Christopher Elliott,"5772 Beck Mews Suite 069 New Williammouth, ND 11051",1982-03-27,Male,Barbados
smithsophia@example.net,Craig Welch,"PSC 2826, Box 3900 APO AA 67202",1982-06-12,Female,Niger
davidjimenez@example.com,James Cruz,"5150 Kristen Station Apt. 874 Ericshire, MS 94876",1980-04-24,Male,Aruba
lisadavis@example.net,Sabrina Bean,"38069 Rose Square Laurahaven, ID 91870",1991-10-21,Female,Antarctica (the territory South of 60 deg S)
stephanie80@example.org,Isabella Ward,"69461 Sarah Plain Apt. 555 Brownchester, PW 54179",2005-11-23,Female,Mali
garzahannah@example.org,Nancy Martin,"075 Trujillo Lakes Suite 674 East Edward, AL 05598",1969-11-03,Male,Libyan Arab Jamahiriya
patelkim@example.com,Wesley Wilson,"585 Williams Meadow Suite 872 Douglasville, IN 44197",2002-06-24,Male,Poland
andrew19@example.com,Patrick Wagner,"2561 Smith Ville South Richardtown, SC 04469",1991-08-23,Male,Guam
joe18@example.com,Jeremy Barry,"895 Figueroa Stream Apt. 759 West Rachelland, WY 00596",2004-10-30,Male,Bulgaria
evelyn31@example.org,Jean Riley,"15566 Dustin Divide Suite 404 South Brendaberg, FM 03254",1988-08-13,Male,Oman
bgolden@example.org,Rhonda Jones,"35042 Harrell Drive Suite 202 North Alexander, VT 99153",1991-07-22,Male,Paraguay
collinschristina@example.org,Valerie Mcpherson,"9315 Fox Cove Suite 375 Poolehaven, SC 92550",2005-08-07,Female,Saint Pierre and Miquelon
julie94@example.org,Matthew Moreno,"2284 Cross Fork Port Jeffreychester, MD 31372",2005-12-12,Male,Jamaica
lopezthomas@example.net,Tom Mckee,"70233 Andrew Circles Apt. 957 Sanchezchester, ID 84360",1987-04-16,Female,United States Minor Outlying Islands
toddstewart@example.com,Kim Smith,"008 Joseph Freeway Apt. 157 West Michelleborough, WV 22935",2000-06-02,Female,Taiwan
deannaboyer@example.com,Christopher James,"28513 Maldonado Bridge West Jonathan, ID 61262",1980-12-19,Male,Bulgaria
christinamills@example.org,Robert Woodard,"09037 Stephanie Course South Sara, WY 55127",1983-04-19,Male,Puerto Rico
garrettsmith@example.org,Juan Brooks,Unit 8040 Box 7095 DPO AP 32497,1998-04-03,Female,Kenya
dickersonmatthew@example.org,Pamela Cook,"358 Brandy Cape Suite 873 Williamside, AZ 46182",1999-06-21,Female,Kiribati
ann26@example.org,Carl Warren,"PSC 8519, Box 9282 APO AP 95477",1992-06-28,Male,Mali
nguzman@example.com,Sarah Landry,"1980 Kenneth Roads Suite 190 Bridgetton, GU 47256",1977-11-16,Male,Saint Vincent and the Grenadines
vwatts@example.org,Jennifer Guzman,"0600 Flores Flats Thomasview, MT 68045",1989-07-02,Male,Korea
milesjohn@example.com,Brenda Vasquez MD,"41717 Holt Junctions Apt. 253 Traviston, MD 17301",1977-12-12,Male,North Macedonia
wtran@example.org,Jason Little MD,"772 Michael Estates Apt. 480 Port Renee, IA 58752",1996-01-14,Female,Libyan Arab Jamahiriya
nharris@example.com,Karen Lucero,"247 Jacqueline Extension Braunbury, CO 00640",1972-12-05,Male,South Africa
thomas69@example.org,Mary Cooper,"728 Jeremy Alley Amandaport, AK 52169",1985-02-25,Male,Israel
hmedina@example.net,Jason Rogers,"7526 Lawrence Squares Apt. 194 South Bethanyberg, KS 01515",2004-11-27,Female,Spain
christopherrandolph@example.com,Colleen Robertson,"646 Steven Manors Apt. 300 Port Valerie, OK 67251",2000-02-12,Male,French Southern Territories
ecohen@example.net,Jeffery Estrada,USNS Barnes FPO AE 24206,1980-01-20,Male,Cocos (Keeling) Islands
blakepitts@example.net,Danielle Zimmerman,"2155 Tara Motorway Port Brianbury, UT 42295",1984-03-10,Male,Saint Martin
jprice@example.net,Eric May,"003 Arias Way South Bradley, AK 37312",1981-02-15,Female,Saint Kitts and Nevis
kyle48@example.net,Nicholas Sanchez,"90811 Villa Keys North Scottfort, PA 38167",2001-01-16,Male,Germany
angelamcdowell@example.net,Joshua Stokes,"36218 Turner Green Teresaville, KY 33552",2002-07-17,Male,Fiji
bentleytheresa@example.org,Gina Garcia,"829 Murphy Plain North Sarahhaven, VA 67825",1974-07-02,Male,Tuvalu
melindadavis@example.net,Thomas West,"PSC 1048, Box 4310 APO AA 31174",2002-11-03,Male,French Southern Territories
wboyd@example.org,Paige Hall,"1254 Jones Station Feliciaburgh, NM 16750",1965-10-15,Male,Philippines
rmooney@example.org,Joe Soto,"9919 Nicole Corners North Traciville, AS 64429",1998-10-22,Male,Bouvet Island (Bouvetoya)
ufuentes@example.net,Terri Martin,"17552 Lauren Lock South Jamesport, AL 90272",2004-01-28,Female,British Virgin Islands
molly30@example.com,Olivia Gordon,"7837 Smith Knolls Apt. 675 Mcfarlandborough, MO 48935",1971-08-18,Male,Marshall Islands
andreapeterson@example.org,Richard Lopez,"3829 Keith Prairie Suite 898 Terrellport, UT 03984",1989-03-26,Male,Barbados
sophia91@example.org,Edward Reed,"4201 Manning Mills West Robertville, MS 32244",1989-07-19,Male,Latvia
johnsonalexander@example.net,Lawrence Larson,"23246 Hughes Crest North Jennifer, AK 53557",1973-03-15,Female,Indonesia
stephaniescott@example.com,Alexandra Burgess,"82827 Samuel Junctions East Jamesside, NJ 68718",1975-08-13,Female,Madagascar
hendricksmary@example.com,Steven Diaz,"PSC 9112, Box 0156 APO AA 76119",2003-12-18,Female,American Samoa
alberthays@example.com,Dr. Stacey Walls,"75672 Scott Locks Mosesview, KS 61300",1993-02-02,Female,Sudan
emartin@example.org,Daniel Patterson,"2893 Sandra Lane Suite 348 Padillaborough, UT 17045",1983-05-26,Male,Saint Lucia
michaelwilliams@example.com,Chris Baker,"54445 Jasmine Groves Hansenmouth, ND 13144",1982-06-24,Female,Hong Kong
jeffrey68@example.com,Matthew Peterson,"0730 Moses Mission Suite 768 South Valerie, VA 34439",2002-05-15,Female,Somalia
mark34@example.com,Thomas Grant,"55306 Jeff Shoal Apt. 911 Spencerbury, GU 96197",1971-02-05,Male,Pitcairn Islands
mason40@example.com,Eddie Lopez,"97339 Jennifer Pass Nathanside, NH 82441",1967-01-29,Female,Tajikistan
faithnewman@example.com,Michael Thompson,"3239 Sanchez Springs Apt. 498 Port Jonathanton, UT 25027",1970-04-22,Female,Algeria
lauraclark@example.net,Melissa Horton,"2260 Lauren Rapid West Kenneth, WY 92256",1976-02-15,Male,Jordan
edgartorres@example.net,Jessica Brown,"PSC 3016, Box 8759 APO AA 16034",1972-02-18,Male,Tokelau
jimmymiller@example.net,Troy Daniel,"7246 Anna Trail Suite 856 East Thomasview, RI 98408",1983-10-04,Female,Iran
brownsarah@example.org,Michael Cooper,"9089 Randall Mews Herringmouth, WY 60707",1985-01-17,Male,Timor-Leste
fhutchinson@example.org,Carly Thompson,"72998 Moss Squares Staceystad, NJ 43041",2005-12-17,Female,Montserrat
daviscrystal@example.net,Michelle Bradley,"167 Carter Crossroad North James, AL 23491",1971-02-21,Male,Dominican Republic
juandavis@example.net,Daniel Hooper,"599 Michelle Cliffs North Jennifer, MS 30596",1966-01-12,Female,British Virgin Islands
walkersara@example.net,Michelle Roach,"5732 White Park Palmerbury, NE 66289",1970-07-23,Female,Canada
christopherodom@example.net,Maria Mason,USS Bailey FPO AP 47953,1968-12-13,Male,Finland
bowenjustin@example.net,Daniel Adams,"750 Dustin Station Jamieton, OR 54077",1976-04-28,Female,Saint Barthelemy
susanritter@example.org,Jacob Howard,"8710 Claudia Mission Apt. 911 Jeffreychester, FM 91430",1998-08-07,Female,Czech Republic
joshua00@example.net,Tammy Taylor,"560 Anderson Island Carolfort, NH 11195",1986-06-21,Female,China
kathrynphillips@example.com,Bryan Jackson,"3633 Stephanie Estates New Cherylberg, KY 04567",1975-05-25,Male,Reunion
lauriebrown@example.org,Veronica Wilson,"88520 Perry Wells Apt. 859 Allisonview, MH 43844",1968-01-21,Male,Timor-Leste
mendozalynn@example.org,Harry Ball,"05075 Ochoa Alley Apt. 729 South Nicoleview, MS 16359",1973-06-29,Male,Aruba
fgonzalez@example.net,Dawn Smith,"11125 Webb Rapids North Phillip, VA 29336",1974-01-15,Female,United Kingdom
rossmartin@example.com,Dr. Dennis Cummings,"77538 Hall Loaf Suite 609 East Fredchester, WV 65629",1981-11-29,Female,Dominican Republic
balexander@example.net,Jessica Mercado MD,"64368 Dustin Junctions Suite 267 West Annchester, CT 12573",1971-03-24,Male,Western Sahara
kellyrose@example.org,Denise Diaz,"368 James Prairie West Amanda, ND 72139",1976-03-10,Female,Iran
johnsonjason@example.com,Jason James,"535 Rivera Track South Barbara, RI 47550",1996-02-15,Female,Turkey
bethanywright@example.net,Dana Galloway,Unit 0854 Box 7656 DPO AE 45858,1967-02-15,Male,Wallis and Futuna
hannahperez@example.net,Jeffrey Fields,"110 Nathan Coves Apt. 230 North Judyhaven, NY 02243",1980-01-05,Male,Finland
dale62@example.org,Wanda Decker,"1403 Mccarty Knolls Suite 200 Christyview, PR 63878",1979-11-13,Male,Grenada
jessegordon@example.net,Brandon Hughes,"083 Ford Freeway Apt. 525 West Coreybury, MN 44819",1989-05-20,Male,Niue
weberdebbie@example.com,Carrie Cox,"301 Brandi Lake Johnstad, CA 83029",1969-03-23,Male,Saint Pierre and Miquelon
michaelkrause@example.org,Sarah Liu,"69492 Michael Haven New James, PA 46922",1975-12-08,Male,Aruba
joshua36@example.com,Nancy Hicks,"PSC 5997, Box 0789 APO AA 27918",1978-11-09,Male,Germany
scottgregory@example.com,Patrick Miller,"6039 Carr Shoals Suite 347 New Brendaland, FM 55339",1967-01-16,Male,Equatorial Guinea
isingleton@example.com,Jamie Robinson,"394 Tom Via Suite 985 East Kennethbury, NC 16417",1968-11-06,Female,Turks and Caicos Islands
christinazhang@example.com,Kevin Crawford,"981 Teresa Ford Ericksonchester, NH 78482",1969-08-07,Female,Denmark
alexandra48@example.com,Catherine Martinez,"609 Allen Garden Suite 473 South Stephen, NY 74998",2005-08-02,Female,Lithuania
castanedaalexander@example.net,Heather Riggs,"19903 Scott Path Kimmouth, CO 38903",1993-06-20,Female,Korea
wgregory@example.net,Emily Jones,"589 Audrey Roads Apt. 892 Gonzalesside, OH 33397",1970-12-11,Male,Chile
crystalholder@example.net,Bobby Nelson,"072 Peters Court Thompsonstad, IN 09762",1973-06-04,Female,Guatemala
vroy@example.com,Nicole Horton,"214 Jackson Circles Kempview, AS 81161",1969-06-21,Male,Moldova
loretta91@example.org,Lindsey Webb,"66456 Schmidt Extension Justinhaven, NM 87029",1981-11-19,Male,Ethiopia
karasullivan@example.com,Tyler Russell,"PSC 4811, Box 1684 APO AA 71201",1985-03-29,Female,Heard Island and McDonald Islands
rachel56@example.com,Michelle Bennett,"15780 Jesse Shore South Pamhaven, TX 91171",1987-09-28,Female,Saint Barthelemy
brendaanderson@example.com,Jessica Dunn,"73415 Angela Fork Suite 971 Dayshire, IN 79340",1965-06-10,Male,Jamaica
richardguzman@example.net,Mary Johnson,"4519 Jenny Shoal Apt. 298 Patriciahaven, AZ 39618",1990-07-19,Male,Saint Barthelemy
zroberts@example.com,Edward James,"253 King Plains Apt. 449 Ericaburgh, CA 09642",1986-03-09,Male,Nigeria
lelliott@example.net,Linda Miller,"8945 Tamara Course Hammondtown, SD 95126",1988-11-07,Female,Saint Pierre and Miquelon
mrhodes@example.net,Kim Lewis,"393 Michael Fords Anthonyborough, NM 75580",2001-04-03,Male,Algeria
kathryndiaz@example.net,Dan Sanders,"445 Woodard Trafficway Apt. 052 Ronaldburgh, CT 15962",1985-05-24,Male,Fiji
robert08@example.org,Scott Phillips,"9112 Murphy Port Lake Ericchester, MH 29492",1988-05-10,Male,Congo
qclark@example.org,Kathy Reilly,"9053 Dana Park Suite 435 Port James, FL 06433",2006-11-29,Female,Panama
jill87@example.net,Melissa Adams,"34567 Miguel Point Apt. 308 Lake Patrick, NJ 03538",1993-12-22,Female,Tuvalu
tinasanders@example.org,Melissa Barnes,"929 Blake Junctions Apt. 072 Richardton, AZ 55502",1996-05-17,Female,Switzerland
stephenmelendez@example.org,Angel Valentine,"172 Nichols Hollow Suite 046 Hernandezside, FM 20639",1988-06-17,Female,Zambia
mark55@example.org,Hunter Christensen,USNS Beck FPO AE 00642,1979-05-09,Male,Honduras
lmcdonald@example.org,Candice King,"3184 Flores Isle Apt. 535 East Michaelberg, NM 09131",1976-03-10,Male,Tanzania
christy51@example.org,Brian Powers,USS Page FPO AA 48080,1987-08-01,Male,Chile
jason95@example.com,Kelly Jackson,"97023 Tina Bridge Suite 460 Port Brianaland, MN 29330",1992-07-13,Female,Antarctica (the territory South of 60 deg S)
robinsonjesus@example.org,Sean Kemp,"3510 Ellis Road Port Alexandra, CA 50903",1979-01-07,Female,Mayotte
dbarnes@example.org,Mr. Jacob Williams,"324 Regina Stravenue Cassieside, OK 36338",1998-09-24,Male,Qatar
williamwalker@example.com,Lisa White,"3174 Danielle Pike Suite 051 Simpsontown, MS 14718",1982-11-28,Female,Lebanon
pgonzalez@example.com,Jason Clay,"5738 Joshua Island Barbarachester, AR 03136",1968-11-10,Female,Ethiopia
brooksmark@example.com,Allison Hughes,"7899 Hooper Well North Markmouth, MO 50256",2006-09-04,Male,Armenia
danielle84@example.org,Adam Maxwell,"917 Holly Mill North Cameron, NC 81157",1993-10-07,Female,Lebanon
brenda34@example.com,Emily Robinson,"6652 Christopher Circle Port Janethaven, MI 17575",1979-01-31,Female,Angola
rmoyer@example.org,Edgar Lambert,"5890 Fernandez Isle Briannachester, NY 07663",1972-04-02,Male,Malaysia
zacosta@example.net,Jeffery Thompson,"3308 Jack Walk Tonyaton, MI 59581",1981-05-06,Male,Nauru
turnermichael@example.net,Edward Rodgers,"3802 Hensley Valley Suite 760 New Suzanne, DE 11226",1975-07-03,Female,Guinea-Bissau
mitchellkevin@example.net,Dylan Ashley,Unit 3450 Box 4015 DPO AA 32671,1971-06-03,Male,Belize
vanessa17@example.net,Kenneth Barton,"7850 Karen Ramp West Anthonytown, GU 94459",1978-04-26,Male,Colombia
qramirez@example.org,Amy Martinez,"PSC 6725, Box 6212 APO AA 80039",1977-03-31,Female,Bahrain
dorseydave@example.com,David Mendez,"34879 Cole Burgs Christopherborough, UT 97279",1981-10-03,Male,Reunion
sullivanantonio@example.org,Aimee Cooley,"28332 Thornton Coves Atkinsonton, WA 06317",1993-03-21,Male,United States Minor Outlying Islands
thomasnguyen@example.net,Jennifer Keller,"2630 Clark Cliff Suite 757 New Victorbury, MS 79489",1969-10-02,Female,Fiji
sflores@example.net,Jennifer Horton,"3785 Franco Drive Apt. 553 Dianastad, IA 14544",2005-08-19,Male,Saint Vincent and the Grenadines
sgomez@example.org,Lisa Gates,"6888 Hamilton Club Apt. 780 Russellfort, OR 33196",1972-05-21,Male,Nicaragua
maurice06@example.com,Nicholas Martinez,"61343 Patricia Ramp Turnerland, WY 99422",1980-11-25,Female,Iran
rcampbell@example.com,Paul Lewis,"6238 Kim Gardens Valerieville, OH 58924",1980-02-10,Female,Zimbabwe
pwarren@example.net,Patrick Lester,Unit 8660 Box 5148 DPO AP 45524,1982-10-17,Female,Lebanon
sandra71@example.net,Sarah Robertson,"PSC 0065, Box 6411 APO AA 22242",2007-12-21,Male,India
vanessa06@example.org,Donald Howard,"189 Kennedy Lakes New Michael, PA 23113",1987-05-29,Male,Tunisia
ywest@example.com,Karen Ingram,"11445 Keith Mountains Melissaview, IN 93360",1974-08-13,Male,French Polynesia
gamblenichole@example.org,Rebecca Rodriguez,"640 Martinez Stravenue Suite 609 New Catherinemouth, NY 90203",1983-08-19,Male,Kazakhstan
swansonpaul@example.com,Tiffany West,"00465 Carter Rapids Carneyborough, GU 05965",1976-08-21,Female,Senegal
phyllisward@example.net,Calvin Gentry,"5637 Todd Run Apt. 235 Lake Michelle, WI 54996",1997-03-28,Female,Zambia
jennifermanning@example.com,David Lewis,"016 Serrano Crescent Reedmouth, LA 91499",2002-03-27,Female,Belarus
matthewaguirre@example.com,Susan Price,"81422 Reyes Inlet Davisview, SD 30602",1978-04-22,Male,Seychelles
williamsdiane@example.net,Scott Campbell,Unit 7156 Box 4007 DPO AP 15452,1999-08-01,Female,Saint Lucia
kristengreen@example.net,Bryce Solis,"623 Duran Locks Apt. 376 South Jorge, WY 13923",1979-11-25,Female,Suriname
bhernandez@example.net,Jack Turner,"18358 Michael Ford New Anita, GA 01445",1984-12-01,Female,Equatorial Guinea
kathryn86@example.net,Amber Meyers,"30911 Julie Island Apt. 507 Berghaven, OR 39337",1980-06-27,Male,Djibouti
jessicascott@example.org,Nicole Tucker,"47922 Bennett Lights Suite 676 Port Vanessa, ME 22754",1997-01-24,Female,Reunion
eparker@example.com,Marissa Lopez,"35233 Williams Hills East Susan, AL 98043",1978-02-04,Female,Vanuatu
foleycynthia@example.net,John Avila,"209 Moore Canyon Reginashire, MH 21860",1969-11-24,Female,Senegal
dawnbradford@example.com,Courtney Walker,"6361 Russell Gateway Lake Carol, MH 38290",1990-07-04,Female,Grenada
richardlarsen@example.net,Luis Rose,"969 Cole Valleys Jameston, DC 35649",1983-07-03,Male,Suriname
jyoung@example.org,John Martinez,USNV Coleman FPO AP 97845,1978-05-26,Male,Cyprus
kathywade@example.org,Stephanie Turner,"11698 Johnson Land Suite 815 Fuentesborough, IL 54206",2002-03-12,Male,Cocos (Keeling) Islands
joneschristopher@example.net,Richard Matthews,"245 Haley Trail Suite 676 Jamieville, NE 96525",1977-09-28,Male,Brunei Darussalam
johnflowers@example.org,Samantha Larsen,"039 Lisa Club Mccartytown, MS 53540",1968-08-03,Male,Ethiopia
mwillis@example.net,Ryan Hunt,"0024 Sharon Union Apt. 961 Heatherville, SC 32202",1974-01-08,Male,Zambia
ksmith@example.net,Susan Brown DVM,"726 Adrian Islands Monroefort, LA 97092",2003-09-29,Male,Jordan
pjimenez@example.net,Jessica Long,"86400 Charles Neck Hooverland, MP 94282",2002-05-02,Male,Cambodia
wshannon@example.net,Chad Figueroa,"3335 Rodgers Motorway Port Victoriafort, NV 53789",2001-01-11,Female,Mexico
trevinobrenda@example.org,William Baker,"9727 Taylor Lake Rhodesborough, TN 96661",1992-08-18,Female,Svalbard & Jan Mayen Islands
robertfleming@example.org,Melinda Rodriguez,"493 Smith Manors Woodhaven, NE 84418",2006-10-24,Female,Azerbaijan
nicholasallison@example.net,Steven Smith,"026 Kelsey Trace Bryanfurt, AK 13435",2007-01-08,Female,Malta
crystal20@example.org,Kenneth Braun,"46107 Natalie Grove Suite 720 West Daniel, MN 00733",1977-09-26,Male,Bolivia
ithompson@example.org,Charles Lewis,"845 Kelly Causeway West Daltonport, CO 28483",1982-10-30,Male,United States Virgin Islands
tracie77@example.net,Erik Bryant,"8768 Shawn Ports New Jenniferbury, UT 85941",1983-10-25,Female,Spain
cassandrablackwell@example.com,Leah Herrera,"19571 Nguyen Ports Apt. 455 Brandonport, SD 20595",1979-12-04,Male,Somalia
reyestamara@example.org,Barbara Lynn,"2968 Lawrence Plains East Monique, NM 81521",1984-08-16,Male,Holy See (Vatican City State)
jacobsonrebecca@example.org,Michelle Meyer,USCGC Reyes FPO AA 87408,1967-03-29,Male,Sudan
derrick00@example.net,John Graham,"6418 Daniel Extension Suite 770 Pamelaport, NJ 02838",1977-07-06,Female,Dominican Republic
amberwalsh@example.org,Scott Warren,"10547 Monica Crossing Williamchester, ND 30468",1987-07-11,Male,Botswana
paula64@example.org,Christina Burton,Unit 6512 Box 9462 DPO AE 28535,1982-07-16,Female,Zimbabwe
troydowns@example.com,Lawrence Wood,"PSC 2047, Box 1841 APO AA 59330",1974-10-24,Male,North Macedonia
nathan50@example.com,Samuel Jones,"457 Jackson Tunnel Greenville, KY 27930",1969-02-15,Female,British Virgin Islands
diananoble@example.net,Nathaniel Perez,"952 Selena Tunnel Suite 376 North Andrea, PR 91283",1981-02-15,Female,Zambia
pollardelizabeth@example.com,Katherine Patterson,"87969 Johnson Trail New Carlaview, VI 76333",1971-08-29,Female,Pitcairn Islands
mlambert@example.com,Courtney Holt,"483 Moore Springs Suite 065 South Mark, AS 42155",1998-04-27,Male,Montserrat
brandonreynolds@example.org,John Le,"36642 Conway Flat Olsonmouth, AL 07305",1979-11-10,Male,Slovakia (Slovak Republic)
veronica92@example.com,Frank Anderson,"863 Michael Vista Jeffside, MT 32851",1970-04-16,Female,Mozambique
amandaowen@example.com,Jeremy Barrera,"1713 Erin Hollow Suite 281 Markview, ME 72284",1969-07-18,Female,Guernsey
jramos@example.com,Kathy Wright,"PSC 9975, Box 8255 APO AA 30935",1968-07-21,Male,Cape Verde
jeffreyshaffer@example.org,Michael Moore,"4294 Lori Pines Lake Donaldbury, ME 77283",2005-09-01,Female,Australia
jacob27@example.org,Travis Moran,"5455 Thomas Dale Lake Stephanie, WV 06979",1973-11-23,Male,Eritrea
reynoldsderek@example.com,Gregory Rodriguez,Unit 7789 Box 8864 DPO AE 79507,1969-01-31,Female,China
thomasrhodes@example.org,Lance Bowman,"629 Rebecca Drives Suite 933 Alanstad, GA 57557",1983-01-11,Male,French Southern Territories
frobinson@example.com,Denise Curry,"7615 Laura Square Coxfurt, AZ 45818",1977-07-29,Male,Jersey
thomasrodgers@example.net,Mark Young,"6619 Howard Estates Pierceside, HI 50945",2001-12-04,Male,Suriname
rsalazar@example.net,Melanie Torres,"3973 Cross Forges Apt. 465 Caseyport, ND 79821",2003-05-26,Male,Andorra
shannon36@example.org,Mr. James Robinson,"22657 Mills Square South Jeremyview, NY 66440",1996-10-06,Male,Georgia
craig32@example.org,Kristy Travis,"267 Thomas Lodge East John, IN 88845",1978-11-16,Female,Jordan
cbarrett@example.com,Michael Marquez,USNS Chapman FPO AE 61191,1969-09-10,Female,Korea
unorman@example.net,Carmen Burke,"779 Brown Rest Chaneyport, TX 72506",1998-11-01,Male,Cocos (Keeling) Islands
tyler88@example.org,Dr. Carol Tran,"702 Trevor Valley Suite 268 Alexanderland, MS 03716",1967-01-31,Male,Gambia
williamtaylor@example.org,Andrew Horn,"3468 Catherine Islands Suite 362 Lake Katherine, PW 70068",1976-08-22,Female,Algeria
bsmith@example.org,Mrs. Valerie Marsh,"71569 Barbara Valleys Mooremouth, GA 52505",2006-10-20,Male,South Georgia and the South Sandwich Islands
lewiscolleen@example.org,Stacey Abbott,"8226 Austin Terrace South Amy, MO 35739",2004-04-06,Female,Cambodia
jacobhayes@example.com,Matthew Nguyen,"10058 Hoffman Views Hernandezside, NJ 24507",1988-09-21,Male,Bermuda
john74@example.net,Natasha Turner,"29653 Andrew Rue Apt. 603 Matthewshire, MP 54656",2001-04-18,Female,Bosnia and Herzegovina
andrea17@example.com,Brian Daniel,"886 Hannah Trace Apt. 362 Calvinside, NH 76116",2005-05-03,Female,American Samoa
lcooper@example.com,Heidi Barnett,"2679 Ronald Forest Suite 141 Wangport, MA 90596",2002-05-02,Female,Seychelles
davidstone@example.org,Taylor Fleming,"74864 Maynard Avenue West Pennyview, NY 23119",1977-08-10,Male,Saint Lucia
brian94@example.net,James Skinner,"45524 Jeffrey Prairie Suite 257 Youngville, WY 04542",1970-03-30,Female,Gibraltar
jenkinseric@example.com,Joseph Leonard,"540 Joel Stream Suite 949 East Leahstad, PW 44920",1996-04-15,Female,Austria
ujenkins@example.org,Stephen Travis,"5516 Douglas Isle Matthewmouth, OR 54799",1993-06-22,Female,Czech Republic
faith95@example.org,Teresa Bryant,"30418 Zachary Rapid West Brooke, CT 08126",2004-06-08,Female,Serbia
thompsonricky@example.com,Gina Cross,"9642 Reginald Islands Apt. 967 Port Ariana, DC 52731",1984-05-23,Female,Tanzania
danderson@example.net,Stephanie Green,"2061 Banks Shore Suite 495 North Alexander, VI 30871",1996-01-22,Male,Martinique
nguyenlaura@example.net,Jay Hartman,"9407 Corey Islands East Maria, NJ 63818",2006-11-07,Male,South Africa
dmiller@example.net,Eugene Reid Jr.,"8180 Stacey Lakes Suite 724 Hessmouth, DC 64206",1980-05-12,Male,Uganda
gcobb@example.com,Brian Mcbride,"03196 Patricia Inlet Lake Michaelton, KY 67167",1991-04-03,Male,Guadeloupe
lawsonstephanie@example.com,Christopher Warren,"97434 Grant Fort Suite 000 Stephanietown, GU 98615",1980-01-14,Female,Saint Helena
jennifernelson@example.org,Hunter Weaver,"8698 Evan Pass Suite 071 Michaelstad, DE 97871",1994-04-18,Female,Costa Rica
michaelbrown@example.com,Miss Ashley Donaldson,"625 Anthony Ways Jasonmouth, UT 17912",1981-05-02,Female,Angola
pjones@example.org,Margaret Collins,"2167 Renee Port North Kristinaport, FL 50087",2001-07-24,Female,Myanmar
johnsonchristopher@example.org,Julie Ho,"479 Jones Cliff Lake Lauren, MI 66848",1998-07-15,Male,Gambia
patrickmcintosh@example.com,Michelle Morris,"923 Thompson Meadow Suite 019 West Leeton, NH 58165",1995-08-06,Female,Singapore
phillipwarren@example.net,George Miller,"9655 Hansen Lock Williamstad, AR 22798",1972-02-02,Male,Sudan
xrandolph@example.net,Dr. Yesenia Harris,"PSC 9209, Box 5207 APO AA 13419",1970-04-08,Female,Somalia
kathleen27@example.org,Joseph Sandoval,"24552 Hernandez Garden Apt. 759 North Patricia, MD 03153",1970-08-07,Female,Greece
ostuart@example.org,Sean Gilbert,"930 Meyer Harbor Stevenfurt, FL 23441",2000-04-10,Female,Armenia
erica34@example.com,Charles Hahn,"221 Reid Ramp Suite 758 Davidberg, MN 94195",1990-06-10,Male,Somalia
jameslynch@example.net,Erin Martin,"855 Carlson Walk Apt. 879 Bennettshire, KY 46734",1996-09-19,Male,Finland
oturner@example.org,Leslie Hines,"0611 Gonzalez Mission Suite 077 South Stephaniechester, RI 88929",1982-05-14,Female,Anguilla
joelperez@example.com,Frank Mccarthy,"5518 Katelyn Mission Suite 667 Williamland, KS 58538",1970-11-04,Female,Bosnia and Herzegovina
